,Team Name,Player Name,Close Shot,Mid-Range Shot,Three-Point Shot,Free Throw,Shot IQ,Offensive Consistency,Speed,Acceleration,Strength,Vertical,Stamina,Hustle,Overall Durability,Layup,Standing Dunk,Driving Dunk,Post Hook,Post Fade,Post Control,Draw Foul,Hands,Pass Accuracy,Ball Handle,Speed with Ball,Pass IQ,Pass Vision,Interior Defense,Perimeter Defense,Steal,Block,Lateral Quickness,Help Defense IQ,Pass Perception,Defensive Consistency,Offensive Rebound,Defensive Rebound
0,Atlanta Hawks,Trae Young,91,80,84,89,90,98,84,84,50,78,95,75,86,90,25,30,28,60,34,96,80,80,93,84,94,89,31,55,43,32,70,58,70,30,37,43
1,Atlanta Hawks,Dejounte Murray,89,90,79,83,85,95,83,83,40,60,90,90,80,93,40,75,40,48,49,84,95,85,88,83,84,72,53,86,59,40,87,85,89,85,36,62
2,Atlanta Hawks,Clint Capela,80,50,25,58,70,60,58,57,85,80,92,97,83,79,95,80,71,48,69,74,70,34,48,30,35,29,86,53,40,78,60,86,74,85,93,90
3,Atlanta Hawks,Onyeka Okongwu,91,89,60,75,70,75,74,74,70,75,88,95,83,80,85,80,54,55,57,52,80,51,54,60,50,31,79,64,42,84,69,83,65,65,83,83
4,Atlanta Hawks,De’Andre Hunter,91,94,79,82,70,85,76,78,65,75,90,80,80,74,65,70,51,52,51,65,90,67,70,69,64,31,63,83,35,42,85,80,60,80,36,56
5,Atlanta Hawks,Bogdan Bogdanovic,94,80,84,82,70,90,75,75,63,78,89,67,77,79,50,65,62,57,57,59,85,74,79,73,79,52,51,63,42,51,75,60,60,50,32,52
6,Atlanta Hawks,Saddiq Bey,78,65,80,86,90,85,63,63,69,70,87,90,81,80,45,60,43,42,52,84,84,64,76,57,75,34,64,75,46,40,79,77,72,70,46,60
7,Atlanta Hawks,AJ Griffin,93,86,82,90,70,60,84,84,64,87,90,85,80,80,60,85,51,52,52,40,80,69,71,79,69,32,69,70,46,40,77,69,60,50,38,48
8,Atlanta Hawks,Jalen Johnson,85,78,72,65,70,70,76,76,68,82,85,80,80,81,70,65,66,74,69,53,80,68,58,74,69,41,66,66,49,67,73,60,57,40,52,85
9,Atlanta Hawks,Bruno Fernando,68,65,42,55,25,25,74,74,85,75,85,85,80,75,80,78,64,63,65,50,75,52,50,50,65,44,64,44,35,88,60,65,62,40,90,81
10,Atlanta Hawks,Patty Mills,64,85,80,90,90,70,83,83,51,66,82,70,82,79,25,25,25,37,25,50,73,79,86,83,84,53,27,65,41,35,72,61,61,40,33,41
11,Atlanta Hawks,Garrison Mathews,74,78,78,92,82,80,50,50,44,65,89,88,79,79,45,55,36,47,48,54,95,71,76,47,82,30,42,59,53,40,60,58,52,45,34,48
12,Atlanta Hawks,Wesley Matthews,77,68,77,86,70,30,70,75,55,70,85,80,84,78,45,50,63,65,65,45,85,72,75,68,77,29,38,78,42,53,79,75,79,70,52,47
13,Atlanta Hawks,Trent Forrest,89,72,62,85,60,65,82,82,59,75,80,80,80,83,40,60,59,62,62,72,95,70,76,78,68,62,58,60,42,45,70,60,55,40,37,52
14,Atlanta Hawks,Kobe Bufkin,--,--,--,--,--,--,--,--,--,--,--,--,--,--,--,--,--,--,--,--,--,--,--,--,--,--,--,--,--,--,--,--,--,--,--,--
15,Atlanta Hawks,Mouhamed Gueye,,,,,,,,,,,,,,,,,,,,,,,,,,,,,,,,,,,,
16,Atlanta Hawks,Seth Lundy,--,--,--,--,--,--,--,--,--,--,--,--,--,--,--,--,--,--,--,--,--,--,--,--,--,--,--,--,--,--,--,--,--,--,--,--
17,Atlanta Hawks,Miles Norris,--,--,--,--,--,--,--,--,--,--,--,--,--,--,--,--,--,--,--,--,--,--,--,--,--,--,--,--,--,--,--,--,--,--,--,--
18,Boston Celtics,Jayson Tatum,95,90,87,86,98,98,82,82,71,83,95,98,80,95,50,89,74,84,83,97,98,78,86,79,84,72,81,89,74,75,88,89,90,85,74,82
19,Boston Celtics,Jaylen Brown,93,92,83,79,98,98,79,79,69,84,95,95,82,94,40,89,67,69,80,93,95,78,86,76,84,62,70,87,74,50,89,86,84,85,43,67
20,Boston Celtics,Kristaps Porzingis,98,83,82,85,98,98,66,65,74,78,94,85,77,79,90,75,84,88,87,75,98,50,68,56,40,44,78,56,41,80,62,82,60,65,57,80
21,Boston Celtics,Robert Williams III,95,69,25,63,70,65,71,62,83,75,80,90,81,82,90,75,60,50,65,54,75,57,48,38,62,40,88,40,38,90,64,88,88,90,91,87
22,Boston Celtics,Malcolm Brogdon,88,97,89,88,80,85,77,77,56,72,93,95,84,87,40,70,44,45,40,92,92,89,86,77,92,70,65,77,40,47,80,77,74,65,37,63
23,Boston Celtics,Al Horford,97,86,87,86,70,65,53,48,91,69,95,85,78,65,70,65,76,84,83,40,84,79,50,33,84,50,82,68,35,66,67,85,78,85,46,69
24,Boston Celtics,Derrick White,93,79,81,88,98,80,90,90,46,75,85,78,81,74,40,55,35,51,35,83,90,88,86,88,82,68,38,82,40,67,82,76,69,65,37,52
25,Boston Celtics,Blake Griffin,90,45,78,63,50,40,68,71,85,85,95,75,88,73,75,75,70,70,70,40,85,75,77,66,74,46,73,59,40,51,65,70,40,55,66,75
26,Boston Celtics,Dalano Banton,73,82,74,75,95,80,76,76,66,75,80,75,80,79,30,65,30,45,48,79,80,78,76,72,79,65,40,68,84,79,72,60,62,60,48,58
27,Boston Celtics,Sam Hauser,74,77,85,89,95,80,61,61,66,62,85,88,80,60,40,60,44,45,45,55,95,50,43,55,60,34,48,55,38,55,62,52,44,45,41,61
28,Boston Celtics,Luke Kornet,83,56,70,81,65,60,38,37,66,62,85,85,77,60,75,60,69,68,69,48,85,50,43,33,60,35,74,32,33,86,34,76,54,70,82,63
29,Boston Celtics,Payton Pritchard,80,82,78,88,85,65,75,75,41,66,84,78,81,77,25,35,40,46,35,40,75,79,79,75,82,45,36,60,40,30,74,60,45,35,47,46
30,Boston Celtics,Oshae Brissett,69,67,74,70,95,75,63,67,75,79,85,80,83,75,70,75,64,62,59,54,81,47,59,52,54,29,57,40,43,50,52,57,50,35,56,67
31,Boston Celtics,Mfiondu Kabengele,70,74,58,76,60,40,72,70,75,72,85,80,80,68,80,80,54,50,60,40,75,34,54,55,48,36,72,58,42,80,57,72,44,50,48,70
32,Boston Celtics,JD Davison,70,73,71,73,50,50,85,85,54,84,88,45,80,72,25,85,30,31,38,40,80,72,86,84,75,72,25,56,69,61,77,55,54,45,36,55
33,Boston Celtics,Jay Scrubb,60,68,70,75,50,50,74,74,55,82,80,70,79,71,45,80,40,44,51,37,78,57,70,69,52,39,44,60,46,45,74,57,64,40,34,54
34,Boston Celtics,James Nnaji,--,--,--,--,--,--,--,--,--,--,--,--,--,--,--,--,--,--,--,--,--,--,--,--,--,--,--,--,--,--,--,--,--,--,--,--
35,Brooklyn Nets,Mikal Bridges,89,88,86,90,98,98,80,80,68,85,92,95,84,75,40,75,55,57,57,80,80,78,82,72,88,53,69,89,80,62,89,82,86,85,40,51
36,Brooklyn Nets,Nicolas Claxton,95,64,67,52,75,50,69,69,71,79,90,89,80,75,80,75,72,64,72,55,80,40,49,44,48,37,89,77,41,92,74,90,64,85,68,86
37,Brooklyn Nets,Spencer Dinwiddie,83,89,82,82,90,95,82,82,45,75,95,85,77,84,35,55,49,52,52,87,98,88,88,82,90,85,42,74,40,45,77,68,59,70,31,49
38,Brooklyn Nets,Cameron Johnson,88,80,85,81,89,90,70,69,60,79,85,86,78,79,60,60,69,69,69,64,57,59,59,43,66,36,65,69,59,51,70,64,68,65,38,62
39,Brooklyn Nets,Cameron Thomas,86,79,82,86,70,95,77,77,54,79,86,65,80,79,50,75,58,70,75,78,74,59,78,70,52,50,41,59,38,40,75,59,58,40,30,50
40,Brooklyn Nets,Dorian Finney-Smith,74,71,77,75,90,85,67,67,62,83,80,80,81,77,40,84,47,40,40,48,72,65,60,44,61,33,72,81,42,53,81,74,74,75,56,53
41,Brooklyn Nets,Trendon Watford,92,68,75,72,80,85,63,63,79,80,85,80,80,79,75,80,69,69,69,69,70,59,50,57,62,60,66,52,43,47,52,52,50,40,47,73
42,Brooklyn Nets,Ben Simmons,91,46,50,55,30,30,92,92,80,85,97,80,83,80,83,86,76,73,78,50,75,79,86,84,80,75,79,84,73,58,83,84,75,85,47,81
43,Brooklyn Nets,Darius Bazley,83,70,80,69,85,80,73,75,60,82,80,75,80,79,50,80,59,54,50,69,80,50,69,70,47,34,55,56,46,83,67,60,59,35,52,71
44,Brooklyn Nets,Lonnie Walker IV,88,71,82,87,75,70,91,91,64,83,85,65,82,82,40,75,48,53,48,67,75,70,78,77,67,33,55,74,38,50,78,62,65,35,31,42
45,Brooklyn Nets,Royce O’Neale,55,67,83,74,95,55,62,62,67,65,80,80,82,74,55,70,54,52,59,59,75,60,68,62,63,60,68,83,41,56,83,84,68,80,38,62
46,Brooklyn Nets,Dennis Smith Jr.,76,56,70,74,80,75,86,87,54,91,88,45,80,76,25,85,30,31,38,69,80,76,86,85,75,72,25,66,80,56,77,65,75,45,35,52
47,Brooklyn Nets,Day’Ron Sharpe,71,49,29,50,80,50,61,61,79,73,80,90,80,73,75,70,48,35,48,44,80,62,58,38,66,39,69,60,33,81,60,69,55,60,82,83
48,Brooklyn Nets,David Duke Jr.,68,73,69,79,90,75,83,83,55,72,80,45,83,70,40,60,30,40,39,70,70,62,73,78,60,43,40,60,56,42,70,55,37,35,53,44
49,Brooklyn Nets,Armoni Brooks,76,79,72,81,98,80,70,70,45,66,80,80,81,69,30,55,39,36,28,65,70,70,76,69,69,41,32,64,46,51,70,60,48,45,37,52
50,Brooklyn Nets,Raiquan Gray,68,72,77,64,50,40,66,66,70,75,82,85,84,70,65,75,57,57,57,47,95,67,67,63,60,51,60,52,65,59,62,52,65,45,57,70
51,Brooklyn Nets,Noah Clowney,--,--,--,--,--,--,--,--,--,--,--,--,--,--,--,--,--,--,--,--,--,--,--,--,--,--,--,--,--,--,--,--,--,--,--,--
52,Brooklyn Nets,Dariq Whitehead,--,--,--,--,--,--,--,--,--,--,--,--,--,--,--,--,--,--,--,--,--,--,--,--,--,--,--,--,--,--,--,--,--,--,--,--
53,Brooklyn Nets,Jalen Wilson,--,--,--,--,--,--,--,--,--,--,--,--,--,--,--,--,--,--,--,--,--,--,--,--,--,--,--,--,--,--,--,--,--,--,--,--
54,Charlotte Hornets,LaMelo Ball,80,80,81,86,98,98,84,84,50,79,93,89,82,88,45,75,52,58,52,82,98,94,88,84,94,90,45,70,53,47,83,79,89,75,41,65
55,Charlotte Hornets,Miles Bridges,90,78,78,77,97,98,75,72,73,82,88,75,85,92,60,91,59,60,80,88,79,69,76,71,74,62,60,59,41,62,76,62,68,45,41,69
56,Charlotte Hornets,Terry Rozier III,80,85,77,81,98,95,82,82,62,84,98,92,82,84,40,75,45,53,48,89,98,84,88,82,89,71,55,75,46,40,77,59,65,50,36,50
57,Charlotte Hornets,Kelly Oubre Jr.,73,85,77,76,98,98,72,82,58,95,90,75,84,79,40,84,45,53,52,84,88,73,78,69,80,30,49,74,59,50,76,70,75,55,47,57
58,Charlotte Hornets,Gordon Hayward,91,89,76,80,65,80,80,77,63,75,88,80,78,85,40,75,40,65,58,65,91,74,77,77,79,67,56,73,41,42,76,73,58,65,36,56
59,Charlotte Hornets,Nick Richards,60,69,25,76,95,80,72,70,65,75,81,85,84,62,80,80,52,47,52,55,80,37,35,49,36,29,75,47,31,86,52,78,40,70,86,81
60,Charlotte Hornets,Brandon Miller,--,--,--,--,--,--,--,--,--,--,--,--,--,--,--,--,--,--,--,--,--,--,--,--,--,--,--,--,--,--,--,--,--,--,--,--
61,Charlotte Hornets,Mark Williams,72,53,36,73,70,55,65,64,73,75,85,88,80,75,85,75,60,60,60,73,85,44,35,32,52,27,79,44,70,89,49,75,60,65,79,89
62,Charlotte Hornets,P.J. Washington,88,65,78,72,98,85,75,75,68,69,85,85,79,74,65,80,68,70,71,74,95,55,70,63,60,41,62,52,41,70,67,64,62,40,40,57
63,Charlotte Hornets,Cody Martin,72,60,82,73,95,70,58,58,58,75,90,90,80,85,25,75,59,59,55,79,75,74,73,57,78,42,48,69,70,56,72,69,69,60,47,54
64,Charlotte Hornets,Sviatoslav Mykhailiuk,86,80,83,88,80,75,82,82,54,69,81,65,79,74,40,55,42,47,38,49,94,69,64,75,64,63,37,55,43,37,67,50,54,30,39,48
65,Charlotte Hornets,Theo Maledon,79,75,77,91,94,60,77,77,39,72,84,75,80,79,35,50,37,49,40,64,80,84,83,77,84,69,37,56,70,50,65,40,54,30,33,63
66,Charlotte Hornets,James Bouknight,66,72,73,81,60,65,87,87,54,90,87,75,80,75,35,85,30,37,38,60,82,69,80,84,68,41,44,69,46,51,80,68,69,40,32,60
67,Charlotte Hornets,Bryce McGowens,71,74,73,79,95,50,74,74,48,81,85,75,80,74,40,80,42,42,42,55,78,52,74,72,50,33,37,66,35,45,75,65,60,65,38,48
68,Charlotte Hornets,J.T. Thor,85,70,74,65,55,60,84,84,50,82,85,80,80,70,55,70,67,66,68,41,75,65,60,69,66,29,65,63,40,57,64,62,62,50,48,56
69,Charlotte Hornets,Kai Jones,68,69,69,69,60,60,66,66,65,69,84,75,80,64,80,80,41,40,40,42,37,38,35,57,48,27,78,47,43,83,65,84,67,65,66,68
70,Charlotte Hornets,Frank Ntilikina,80,87,68,86,50,40,80,82,47,70,81,80,80,65,30,45,32,48,40,39,85,77,86,80,77,51,35,82,36,47,82,80,70,70,32,53
71,Charlotte Hornets,Brandon Miller,--,--,--,--,--,--,--,--,--,--,--,--,--,--,--,--,--,--,--,--,--,--,--,--,--,--,--,--,--,--,--,--,--,--,--,--
72,Charlotte Hornets,Nick Smith Jr.,--,--,--,--,--,--,--,--,--,--,--,--,--,--,--,--,--,--,--,--,--,--,--,--,--,--,--,--,--,--,--,--,--,--,--,--
73,Charlotte Hornets,Amari Bailey,--,--,--,--,--,--,--,--,--,--,--,--,--,--,--,--,--,--,--,--,--,--,--,--,--,--,--,--,--,--,--,--,--,--,--,--
74,Charlotte Hornets,Leaky Black,--,--,--,--,--,--,--,--,--,--,--,--,--,--,--,--,--,--,--,--,--,--,--,--,--,--,--,--,--,--,--,--,--,--,--,--
75,Charlotte Hornets,R. J. Hunter,--,--,--,--,--,--,--,--,--,--,--,--,--,--,--,--,--,--,--,--,--,--,--,--,--,--,--,--,--,--,--,--,--,--,--,--
76,Chicago Bulls,Zach LaVine,87,84,82,85,98,98,84,84,49,97,98,85,83,88,60,95,59,59,59,82,98,79,88,81,88,66,62,69,41,40,75,68,69,65,34,56
77,Chicago Bulls,DeMar DeRozan,95,95,77,86,90,90,82,82,73,88,98,90,91,92,55,84,65,78,87,85,95,73,83,80,75,71,50,73,43,52,76,74,82,70,32,57
78,Chicago Bulls,Nikola Vucevic,97,88,78,83,90,90,62,46,89,45,95,85,77,70,85,65,89,84,88,50,98,82,35,32,82,58,74,41,38,62,49,73,57,50,58,88
79,Chicago Bulls,Lonzo Ball,55,65,84,79,92,85,85,85,52,80,93,70,80,79,30,75,35,44,40,59,84,88,86,85,89,70,60,86,80,62,86,85,90,85,41,62
80,Chicago Bulls,Andre Drummond,82,47,47,54,40,30,60,58,95,79,89,85,81,73,95,85,70,45,75,40,80,52,45,49,70,32,77,52,76,66,52,74,70,70,96,97
81,Chicago Bulls,Alex Caruso,70,67,80,81,65,50,82,82,31,72,85,85,81,70,35,75,30,43,29,45,68,78,78,82,80,62,31,89,96,66,87,88,89,90,39,52
82,Chicago Bulls,Patrick Williams,64,83,85,87,70,75,70,70,64,77,88,75,81,68,60,65,44,42,40,50,80,60,70,64,62,31,70,76,42,67,74,80,65,65,43,56
83,Chicago Bulls,Javonte Green,73,70,82,65,80,75,72,74,46,85,80,75,82,79,25,85,52,52,52,60,95,60,72,69,68,33,74,77,73,81,69,74,80,75,56,62
84,Chicago Bulls,Coby White,85,82,81,86,70,70,85,85,56,81,90,85,80,79,30,65,34,45,49,67,80,77,86,84,77,63,49,64,46,35,73,66,64,45,30,55
85,Chicago Bulls,Torrey Craig,58,60,82,72,95,50,63,61,49,73,80,35,80,79,35,60,50,62,55,50,70,52,69,58,50,35,74,79,41,66,80,79,75,75,65,66
86,Chicago Bulls,Jevon Carter,66,85,86,81,77,75,76,78,60,71,85,76,81,75,25,35,32,34,30,40,80,75,79,76,70,57,34,79,56,53,83,72,75,70,35,48
87,Chicago Bulls,Ayo Dosunmu,86,78,74,81,80,80,76,76,52,75,85,75,80,79,25,75,35,50,42,59,87,72,79,73,79,51,38,69,41,52,78,68,69,65,38,48
88,Chicago Bulls,Terry Taylor,81,70,74,77,85,75,77,77,69,80,85,65,83,70,40,45,54,52,58,40,69,60,66,70,62,31,54,66,33,67,74,65,40,45,72,52
89,Chicago Bulls,Dalen Terry,77,72,74,74,70,65,76,76,58,69,85,85,80,77,25,80,40,46,42,54,85,76,80,74,78,68,43,69,72,51,75,69,70,65,52,59
90,Chicago Bulls,Justin Lewis,70,70,72,71,30,35,75,75,50,80,85,80,80,67,45,75,37,38,50,40,95,50,72,70,70,37,60,64,40,44,72,60,50,60,44,49
91,Chicago Bulls,Carlik Jones,70,71,74,81,70,45,74,74,50,70,80,77,81,70,25,30,36,54,32,44,78,70,76,73,70,66,37,52,52,40,73,47,44,35,39,44
92,Chicago Bulls,Julian Phillips,--,--,--,--,--,--,--,--,--,--,--,--,--,--,--,--,--,--,--,--,--,--,--,--,--,--,--,--,--,--,--,--,--,--,--,--
93,Chicago Bulls,Adama Sanogo,--,--,--,--,--,--,--,--,--,--,--,--,--,--,--,--,--,--,--,--,--,--,--,--,--,--,--,--,--,--,--,--,--,--,--,--
94,Chicago Bulls,Onuralp Bitim,--,--,--,--,--,--,--,--,--,--,--,--,--,--,--,--,--,--,--,--,--,--,--,--,--,--,--,--,--,--,--,--,--,--,--,--
95,Cleveland Cavaliers,Donovan Mitchell,98,89,88,90,98,98,96,90,60,97,96,95,80,97,50,92,37,49,44,98,98,84,90,86,92,75,68,75,66,50,86,79,79,75,41,51
96,Cleveland Cavaliers,Darius Garland,95,78,85,85,95,98,88,88,40,84,95,95,80,90,25,65,32,37,42,74,95,92,89,88,95,84,31,69,53,32,78,69,66,50,32,44
97,Cleveland Cavaliers,Evan Mobley,82,83,66,68,98,90,72,72,68,81,94,90,80,84,85,80,79,72,79,70,95,69,60,66,84,45,86,74,38,77,69,86,75,85,80,82
98,Cleveland Cavaliers,Jarrett Allen,95,72,63,73,85,80,75,72,84,79,92,80,82,79,85,80,82,63,82,74,95,25,35,35,48,34,84,41,41,72,53,81,67,80,75,84
99,Cleveland Cavaliers,Caris LeVert,74,66,81,72,80,80,75,77,54,80,92,80,78,84,60,75,52,54,49,79,95,75,86,72,84,67,45,74,46,47,77,70,68,60,40,56
100,Cleveland Cavaliers,Isaac Okoro,88,60,79,75,90,65,77,77,67,80,89,80,82,80,45,75,47,49,50,50,95,69,72,73,69,33,68,85,49,56,86,80,82,85,44,48
101,Cleveland Cavaliers,Max Strus,88,79,77,89,90,90,76,76,40,74,88,80,85,68,35,65,48,58,54,68,85,72,69,74,78,43,45,57,37,37,65,50,50,35,37,53
102,Cleveland Cavaliers,Ricky Rubio,73,60,70,76,85,70,75,75,27,60,88,73,80,79,25,25,25,40,26,47,92,84,86,75,88,73,32,78,76,51,79,76,70,60,35,62
103,Cleveland Cavaliers,Ty Jerome,93,87,82,83,75,60,69,69,56,62,85,85,80,79,40,45,38,37,40,65,80,84,86,68,84,71,40,66,41,42,73,65,68,50,29,47
104,Cleveland Cavaliers,Raul Neto,88,83,75,74,80,70,71,75,51,68,82,85,79,78,25,25,43,40,35,64,81,79,79,70,79,67,40,73,59,42,75,66,80,70,34,46
105,Cleveland Cavaliers,Danny Green,80,80,82,77,60,35,59,59,60,69,75,75,82,60,40,45,30,54,35,30,75,72,70,59,70,32,66,85,66,65,85,83,60,80,38,50
106,Cleveland Cavaliers,Dean Wade,80,68,81,78,80,70,62,62,60,83,80,85,79,60,80,75,60,60,64,44,70,38,60,43,55,31,50,67,46,57,68,70,68,60,39,67
107,Cleveland Cavaliers,Georges Niang,92,73,84,84,80,70,44,46,60,72,88,80,84,77,25,50,70,71,70,40,74,65,67,44,70,34,60,55,37,47,55,62,60,40,33,56
108,Cleveland Cavaliers,Damian Jones,85,78,67,76,50,30,63,55,80,92,80,80,78,70,85,75,52,40,60,35,84,34,35,38,48,28,76,40,32,86,42,80,40,65,69,72
109,Cleveland Cavaliers,Sam Merrill,60,76,78,89,92,75,62,62,44,60,80,60,79,64,30,45,30,44,48,55,80,74,76,60,79,43,42,60,46,35,64,52,62,45,38,51
110,Cleveland Cavaliers,Isaiah Mobley,68,70,69,68,65,55,58,58,62,69,87,65,80,60,60,71,58,57,58,58,90,68,49,44,75,54,61,44,41,69,49,55,44,45,60,81
111,Cleveland Cavaliers,Mamadi Diakite,69,69,66,73,65,25,74,74,65,78,80,80,80,62,75,75,50,44,52,40,80,42,37,44,47,33,66,45,70,77,59,69,52,45,56,72
112,Cleveland Cavaliers,Emoni Bates,--,--,--,--,--,--,--,--,--,--,--,--,--,--,--,--,--,--,--,--,--,--,--,--,--,--,--,--,--,--,--,--,--,--,--,--
113,Cleveland Cavaliers,Craig Porter Jr.,--,--,--,--,--,--,--,--,--,--,--,--,--,--,--,--,--,--,--,--,--,--,--,--,--,--,--,--,--,--,--,--,--,--,--,--
114,Dallas Mavericks,Luka Doncic,98,94,87,85,98,98,84,84,72,79,98,98,85,98,65,75,85,85,85,98,98,98,98,83,98,98,66,74,70,51,75,74,76,75,69,87
115,Dallas Mavericks,Kyrie Irving,97,95,84,90,95,98,85,85,37,81,97,87,80,95,25,30,35,70,64,85,96,88,99,85,89,80,32,73,42,56,76,75,86,60,40,56
116,Dallas Mavericks,Christian Wood,95,73,80,78,98,95,56,59,74,66,93,85,83,87,90,85,81,79,81,65,95,30,60,44,40,43,74,51,36,75,56,74,62,45,54,86
117,Dallas Mavericks,Tim Hardaway Jr.,77,73,84,76,85,90,68,72,55,78,85,83,83,74,35,78,36,53,38,70,71,75,78,68,84,36,45,70,40,37,75,63,58,40,31,57
118,Dallas Mavericks,Jaden Hardy,78,76,81,85,85,95,83,83,39,85,84,85,80,80,40,80,47,49,49,66,85,75,83,76,75,59,34,55,40,47,76,50,51,50,34,58
119,Dallas Mavericks,Seth Curry,98,96,86,98,85,85,78,78,41,68,89,80,80,85,25,36,27,35,30,35,69,75,78,77,75,45,25,57,43,37,68,54,55,35,31,45
120,Dallas Mavericks,Dwight Powell,85,65,78,68,80,95,71,48,80,67,90,95,83,70,75,65,77,79,79,83,90,55,60,44,64,32,74,45,53,56,58,68,74,65,78,61
121,Dallas Mavericks,Grant Williams,89,64,84,80,85,60,58,60,73,66,88,85,80,77,50,60,59,58,66,50,81,69,66,54,72,36,68,58,37,51,70,69,60,65,47,62
122,Dallas Mavericks,Derrick Jones Jr.,70,68,77,83,89,75,77,76,59,93,83,90,78,79,85,94,50,52,52,66,90,65,68,61,54,30,60,59,43,80,71,60,68,30,63,54
123,Dallas Mavericks,Josh Green,89,74,83,72,60,65,86,86,60,80,89,90,83,75,30,80,35,34,30,69,95,70,70,72,70,39,35,75,42,32,81,79,63,60,46,48
124,Dallas Mavericks,Richaun Holmes,90,70,62,77,40,40,57,55,79,81,80,95,82,78,85,75,70,57,70,50,80,42,58,38,54,27,75,40,33,63,56,68,55,50,66,67
125,Dallas Mavericks,Maxi Kleber,52,70,79,66,80,35,45,38,79,56,85,85,80,73,75,75,67,67,64,40,80,70,64,45,68,33,74,72,32,72,72,75,72,75,43,61
126,Dallas Mavericks,Markieff Morris,83,72,85,74,50,65,57,44,84,63,91,77,92,67,65,67,68,77,75,40,70,44,42,34,78,43,75,42,42,55,50,75,50,55,52,69
127,Dallas Mavericks,Theo Pinson,70,64,82,86,75,50,73,77,40,80,80,90,81,75,45,75,35,38,38,55,75,50,70,67,45,69,60,71,36,35,75,69,68,60,43,66
128,Dallas Mavericks,Dante Exum,66,70,75,74,70,35,79,82,48,77,80,85,83,75,25,60,28,55,40,63,85,75,75,79,77,62,27,79,49,56,79,78,74,75,34,62
129,Dallas Mavericks,McKinley Wright IV,69,69,76,84,50,45,84,84,32,83,80,78,80,74,25,50,25,32,25,45,77,70,75,84,66,72,25,71,42,52,79,70,69,50,41,60
130,Dallas Mavericks,A.J. Lawson,70,68,75,55,60,50,74,74,34,80,85,80,80,68,45,75,52,52,55,42,75,62,69,69,64,37,48,60,55,39,67,60,65,50,37,38
131,Dallas Mavericks,Dereck Lively II,--,--,--,--,--,--,--,--,--,--,--,--,--,--,--,--,--,--,--,--,--,--,--,--,--,--,--,--,--,--,--,--,--,--,--,--
132,Dallas Mavericks,Olivier-Maxence Prosper,--,--,--,--,--,--,--,--,--,--,--,--,--,--,--,--,--,--,--,--,--,--,--,--,--,--,--,--,--,--,--,--,--,--,--,--
133,Dallas Mavericks,Mike Miles Jr.,--,--,--,--,--,--,--,--,--,--,--,--,--,--,--,--,--,--,--,--,--,--,--,--,--,--,--,--,--,--,--,--,--,--,--,--
134,Denver Nuggets,Nikola Jokic,98,98,84,82,95,98,63,62,93,63,97,80,83,91,90,75,94,95,95,90,90,93,76,60,98,93,70,61,53,56,37,71,56,55,68,93
135,Denver Nuggets,Jamal Murray,85,83,84,83,95,98,79,79,54,80,95,85,78,85,30,82,38,46,74,78,84,83,88,77,85,73,35,74,43,40,74,67,70,65,38,52
136,Denver Nuggets,Aaron Gordon,82,66,80,62,98,98,71,67,72,92,95,90,84,84,95,95,58,60,74,85,95,65,62,66,60,54,74,76,40,62,76,75,68,75,68,65
137,Denver Nuggets,Michael Porter Jr.,88,92,86,81,85,95,80,81,68,88,88,80,66,86,60,80,50,62,68,55,80,65,78,77,62,30,60,64,38,55,73,60,68,40,43,68
138,Denver Nuggets,Kentavious Caldwell-Pope,87,84,87,84,75,70,85,82,60,69,92,85,84,76,35,73,35,58,35,40,90,75,75,80,82,39,45,84,70,52,84,82,82,80,33,45
139,Denver Nuggets,Reggie Jackson,85,72,77,91,80,50,84,84,48,85,95,85,84,74,25,65,25,48,28,44,88,82,86,84,75,70,49,74,42,35,74,70,74,70,34,44
140,Denver Nuggets,Zeke Nnaji,71,76,75,70,85,75,77,77,70,82,80,89,83,77,80,70,69,67,67,69,77,33,37,52,42,27,69,54,40,68,57,57,42,45,77,47
141,Denver Nuggets,Christian Braun,77,82,84,63,75,75,83,83,46,83,93,80,80,69,25,80,25,55,36,45,72,69,69,74,68,32,40,70,43,55,70,68,70,70,49,57
142,Denver Nuggets,Ish Smith,75,74,79,55,65,50,87,87,32,70,80,78,83,75,25,30,25,32,25,62,81,86,86,87,85,74,25,74,37,57,77,64,52,50,33,57
143,Denver Nuggets,Justin Holiday,74,54,81,82,80,80,66,71,45,82,85,80,78,73,60,73,40,42,43,50,63,65,72,60,69,34,60,75,41,66,75,74,78,65,28,42
144,Denver Nuggets,Vlatko Cancar,88,70,84,84,70,70,60,60,63,70,80,65,87,77,45,65,42,44,45,45,80,52,64,54,54,46,48,52,40,55,63,52,40,40,41,60
145,Denver Nuggets,DeAndre Jordan,74,25,25,51,25,25,65,53,85,83,92,80,94,57,75,75,35,37,35,44,90,25,30,33,66,35,70,57,35,80,62,67,55,55,69,90
146,Denver Nuggets,Peyton Watson,72,69,68,69,70,65,77,77,55,82,88,75,80,68,60,65,44,42,40,40,80,60,70,76,62,28,59,68,52,75,71,65,62,60,59,68
147,Denver Nuggets,Collin Gillespie,74,75,80,87,50,50,82,82,33,72,85,80,80,74,40,54,31,46,40,37,95,79,77,82,75,57,33,62,38,56,74,60,58,55,35,53
148,Denver Nuggets,Braxton Key,69,69,70,65,40,25,69,68,70,81,80,79,80,68,75,75,59,58,58,33,74,48,49,59,54,37,52,52,76,75,58,52,54,35,58,79
149,Denver Nuggets,Jay Huff,77,72,77,77,50,40,48,47,62,62,80,85,77,64,65,60,62,62,62,38,80,50,43,33,60,38,62,32,32,69,34,62,54,50,64,68
150,Denver Nuggets,Julian Strawther,--,--,--,--,--,--,--,--,--,--,--,--,--,--,--,--,--,--,--,--,--,--,--,--,--,--,--,--,--,--,--,--,--,--,--,--
151,Denver Nuggets,Jalen Pickett,--,--,--,--,--,--,--,--,--,--,--,--,--,--,--,--,--,--,--,--,--,--,--,--,--,--,--,--,--,--,--,--,--,--,--,--
152,Denver Nuggets,Hunter Tyson,--,--,--,--,--,--,--,--,--,--,--,--,--,--,--,--,--,--,--,--,--,--,--,--,--,--,--,--,--,--,--,--,--,--,--,--
153,Detroit Pistons,Cade Cunningham,83,89,78,84,95,98,83,83,62,80,94,90,80,83,40,75,60,62,60,83,98,83,86,83,86,75,59,75,40,55,80,75,76,75,41,69
154,Detroit Pistons,Bojan Bogdanovic,96,87,85,89,85,95,67,62,60,72,93,75,84,79,40,70,49,60,64,84,70,77,74,66,82,52,54,78,36,32,77,75,62,70,35,52
155,Detroit Pistons,Jaden Ivey,73,81,77,73,95,95,92,92,54,85,92,85,80,85,30,85,44,42,44,82,90,84,86,92,84,76,59,71,41,45,82,70,69,65,42,52
156,Detroit Pistons,James Wiseman,88,73,70,68,80,70,70,70,70,68,87,85,87,71,80,75,72,64,71,50,85,54,66,54,64,31,74,50,30,68,63,78,54,65,75,87
157,Detroit Pistons,Jalen Duren,91,57,35,62,50,75,73,73,81,84,89,90,80,79,80,80,60,49,54,79,80,59,59,59,50,33,72,62,40,72,67,72,66,60,91,86
158,Detroit Pistons,Monte Morris,90,87,83,82,85,85,83,83,41,72,85,80,81,79,25,50,28,45,32,70,80,94,86,83,94,72,44,62,40,37,70,52,55,35,33,54
159,Detroit Pistons,Marvin Bagley III,90,78,70,72,50,65,73,74,80,86,85,80,87,79,80,80,80,78,81,65,80,47,62,64,60,31,70,49,36,68,57,70,65,55,78,77
160,Detroit Pistons,Isaiah Stewart,89,76,75,74,65,60,63,62,80,70,89,87,77,76,75,70,75,64,80,70,79,44,34,52,50,33,70,54,33,60,60,72,42,50,67,82
161,Detroit Pistons,Hamidou Diallo,93,79,60,64,75,70,85,85,52,97,85,80,81,87,45,93,31,29,38,74,75,75,79,79,79,38,40,65,80,55,77,60,78,40,56,66
162,Detroit Pistons,Alec Burks,85,81,87,79,75,85,78,78,48,69,89,72,85,78,40,69,40,58,78,70,77,72,79,76,73,60,45,72,46,35,72,74,70,55,34,60
163,Detroit Pistons,Joe Harris,74,75,86,70,98,85,69,69,40,67,90,85,83,76,25,45,30,48,32,40,88,72,73,67,74,37,34,66,38,45,69,58,63,55,34,49
164,Detroit Pistons,Ausar Thompson,--,--,--,--,--,--,--,--,--,--,--,--,--,--,--,--,--,--,--,--,--,--,--,--,--,--,--,--,--,--,--,--,--,--,--,--
165,Detroit Pistons,Killian Hayes,78,84,70,79,75,65,79,79,56,70,89,85,83,74,25,60,35,55,60,45,85,82,83,75,84,78,49,73,76,51,77,69,70,65,31,50
166,Detroit Pistons,Isaiah Livers,72,86,80,77,85,75,73,73,55,71,85,66,82,76,25,65,26,32,35,44,80,68,70,70,65,29,37,65,41,61,74,60,60,55,36,50
167,Detroit Pistons,Rodney McGruder,85,73,84,72,88,65,71,69,45,70,75,70,81,60,35,50,30,42,41,45,80,68,74,67,69,35,50,79,42,30,79,79,74,70,45,54
168,Detroit Pistons,Jared Rhoden,56,73,74,80,50,40,68,68,62,70,80,80,82,70,65,70,42,44,37,44,75,55,69,63,54,30,47,68,60,60,72,62,65,55,58,59
169,Detroit Pistons,Buddy Boeheim,68,77,79,84,70,50,57,57,44,70,80,80,80,70,45,60,44,47,48,40,80,62,68,57,62,31,42,59,43,45,59,52,55,45,45,47
170,Detroit Pistons,Ausar Thompson,--,--,--,--,--,--,--,--,--,--,--,--,--,--,--,--,--,--,--,--,--,--,--,--,--,--,--,--,--,--,--,--,--,--,--,--
171,Detroit Pistons,Marcus Sasser,--,--,--,--,--,--,--,--,--,--,--,--,--,--,--,--,--,--,--,--,--,--,--,--,--,--,--,--,--,--,--,--,--,--,--,--
172,Detroit Pistons,Malcolm Cazalon,--,--,--,--,--,--,--,--,--,--,--,--,--,--,--,--,--,--,--,--,--,--,--,--,--,--,--,--,--,--,--,--,--,--,--,--
173,Golden State Warriors,Stephen Curry,97,92,99,92,98,99,84,84,48,73,98,98,86,96,25,36,35,52,35,94,98,93,97,84,97,74,30,75,41,47,77,78,85,65,36,68
174,Golden State Warriors,Chris Paul,95,89,81,82,85,85,80,80,62,75,90,75,77,86,25,27,40,55,70,50,90,90,90,80,90,86,61,90,76,51,90,90,75,85,31,60
175,Golden State Warriors,Klay Thompson,90,86,93,88,98,98,71,74,62,67,91,85,94,75,35,65,35,65,64,36,90,77,76,71,77,43,70,87,37,51,87,85,86,85,35,54
176,Golden State Warriors,Draymond Green,98,70,76,70,85,55,73,74,85,66,85,90,88,70,55,65,60,59,63,40,85,83,78,69,92,73,93,86,42,61,82,93,84,95,40,81
177,Golden State Warriors,Andrew Wiggins,92,84,84,63,85,80,82,82,57,97,98,90,83,77,40,92,65,74,77,65,85,72,82,80,75,41,55,82,53,61,83,80,79,75,53,53
178,Golden State Warriors,Kevon Looney,96,49,69,59,88,70,58,69,74,63,85,96,84,78,75,70,55,52,62,52,66,55,61,48,66,52,72,46,40,63,62,74,64,65,91,88
179,Golden State Warriors,Jonathan Kuminga,91,85,81,66,75,75,84,84,73,90,88,80,80,80,65,85,49,50,50,62,85,69,67,75,60,49,73,73,41,60,79,70,69,50,52,56
180,Golden State Warriors,Gary Payton II,79,70,79,66,80,60,81,81,48,85,85,80,83,79,35,75,30,42,42,75,89,75,78,81,72,43,79,83,90,51,80,76,91,80,62,61
181,Golden State Warriors,JaMychal Green,73,67,81,77,95,80,59,55,69,74,85,85,81,64,70,70,63,56,64,59,95,55,35,44,61,37,69,51,43,66,62,69,60,35,70,71
182,Golden State Warriors,Dario Saric,82,65,81,84,70,80,63,69,65,60,82,86,81,79,45,70,74,74,81,60,92,75,69,57,84,51,70,49,40,40,61,74,50,65,60,80
183,Golden State Warriors,Andre Iguodala,70,65,69,67,45,25,77,77,73,75,83,80,82,70,55,70,47,44,50,30,80,75,78,75,80,70,75,84,66,74,83,83,74,80,44,60
184,Golden State Warriors,Cory Joseph,87,76,81,79,75,70,72,72,40,65,88,70,84,72,25,30,27,39,29,55,85,80,84,72,80,73,54,75,42,42,80,68,59,65,32,46
185,Golden State Warriors,Moses Moody,80,77,77,69,60,75,73,73,68,70,88,80,80,80,40,70,44,48,49,70,80,65,74,70,64,35,68,71,40,42,77,69,60,65,45,48
186,Golden State Warriors,Anthony Lamb,84,69,81,76,85,65,62,62,65,70,85,80,81,78,40,65,35,51,49,30,82,66,69,61,69,42,52,57,40,53,67,59,50,35,49,61
187,Golden State Warriors,Lester Quiñones,73,71,76,75,75,35,70,70,44,74,80,68,80,73,25,65,42,44,40,44,80,64,70,64,68,59,33,63,37,31,68,52,51,40,44,56
188,Golden State Warriors,Brandin Podziemski,--,--,--,--,--,--,--,--,--,--,--,--,--,--,--,--,--,--,--,--,--,--,--,--,--,--,--,--,--,--,--,--,--,--,--,--
189,Golden State Warriors,Trayce Jackson-Davis,--,--,--,--,--,--,--,--,--,--,--,--,--,--,--,--,--,--,--,--,--,--,--,--,--,--,--,--,--,--,--,--,--,--,--,--
190,Houston Rockets,Jalen Green,81,86,82,79,80,95,88,88,55,92,88,85,80,89,40,91,56,56,56,89,95,77,86,84,79,64,45,73,38,45,77,70,68,60,34,51
191,Houston Rockets,Fred VanVleet,72,90,79,89,90,90,83,83,42,75,95,94,82,82,25,35,30,32,28,80,98,89,86,83,92,73,27,83,70,55,83,79,74,80,31,56
192,Houston Rockets,Alperen Sengun,96,69,73,73,75,85,52,52,76,69,88,90,80,79,70,80,87,87,87,74,95,74,62,48,75,70,69,63,43,72,64,69,85,65,86,80
193,Houston Rockets,Kevin Porter Jr.,86,85,80,78,95,90,85,85,52,75,88,80,80,84,40,80,25,62,44,79,95,82,82,83,82,73,44,69,56,47,75,64,60,40,46,59
194,Houston Rockets,Jabari Smith Jr.,85,78,77,77,80,80,76,76,60,75,89,70,80,75,65,85,69,69,69,54,85,65,75,69,66,31,70,69,35,70,72,67,67,55,51,77
195,Houston Rockets,Tari Eason,72,72,80,74,85,80,80,80,70,80,85,85,80,79,35,80,54,52,51,61,80,50,70,72,47,33,65,71,83,67,77,70,68,50,79,73
196,Houston Rockets,Dillon Brooks,82,68,75,79,75,65,75,75,65,75,88,95,85,74,35,75,55,59,64,78,85,59,74,69,58,43,67,87,42,40,87,87,86,85,36,47
197,Houston Rockets,Jae’Sean Tate,96,70,70,73,98,90,69,69,65,75,89,95,80,84,65,75,69,68,69,64,85,70,74,62,72,67,70,70,63,50,70,68,69,65,57,56
198,Houston Rockets,Amen Thompson,--,--,--,--,--,--,--,--,--,--,--,--,--,--,--,--,--,--,--,--,--,--,--,--,--,--,--,--,--,--,--,--,--,--,--,--
199,Houston Rockets,Jeff Green,88,60,70,73,85,60,63,57,70,84,89,85,82,79,65,80,70,68,72,68,85,69,74,50,70,35,69,70,36,53,75,68,54,60,45,52
200,Houston Rockets,Frank Kaminsky,94,68,78,83,70,80,47,53,66,67,89,85,82,78,50,65,79,79,78,68,90,40,54,38,50,61,65,40,33,43,42,63,50,40,52,77
201,Houston Rockets,Jock Landale,97,64,62,77,85,70,54,54,64,75,80,75,80,69,65,60,60,60,60,66,80,58,52,45,64,38,65,48,36,70,48,62,60,45,86,72
202,Houston Rockets,Cam Whitmore,--,--,--,--,--,--,--,--,--,--,--,--,--,--,--,--,--,--,--,--,--,--,--,--,--,--,--,--,--,--,--,--,--,--,--,--
203,Houston Rockets,Aaron Holiday,69,79,85,79,85,75,76,77,49,56,85,85,84,70,25,60,25,45,32,47,80,82,86,76,82,43,34,68,53,51,75,67,69,45,40,41
204,Houston Rockets,Boban Marjanovic,83,70,63,77,75,55,25,25,71,40,70,45,65,50,95,60,69,60,76,70,40,60,35,25,35,29,73,30,25,61,35,65,73,65,59,88
205,Houston Rockets,Willie Cauley-Stein,69,37,49,63,85,70,70,64,77,75,85,88,84,75,85,70,79,55,65,73,84,68,35,32,75,33,76,51,40,72,65,78,62,65,58,70
206,Houston Rockets,D.J. Augustin,53,78,81,90,95,65,82,82,28,68,85,82,84,70,25,25,25,59,32,40,80,82,81,81,84,64,25,60,36,27,70,54,60,50,32,42
207,Houston Rockets,Trevor Hudgins,69,77,80,88,60,45,75,75,42,70,85,75,80,68,68,85,25,42,33,58,84,70,74,75,70,61,38,54,40,35,63,50,55,40,32,57
208,Houston Rockets,Darius Days,65,69,73,71,65,40,70,70,66,78,85,80,80,70,50,70,41,37,41,40,70,49,50,60,52,35,64,65,42,47,68,50,50,50,49,60
209,Houston Rockets,Amen Thompson,--,--,--,--,--,--,--,--,--,--,--,--,--,--,--,--,--,--,--,--,--,--,--,--,--,--,--,--,--,--,--,--,--,--,--,--
210,Houston Rockets,Cam Whitmore,--,--,--,--,--,--,--,--,--,--,--,--,--,--,--,--,--,--,--,--,--,--,--,--,--,--,--,--,--,--,--,--,--,--,--,--
211,Houston Rockets,Jermaine Samuels Jr.,--,--,--,--,--,--,--,--,--,--,--,--,--,--,--,--,--,--,--,--,--,--,--,--,--,--,--,--,--,--,--,--,--,--,--,--
212,Indiana Pacers,Tyrese Haliburton,85,93,85,86,98,98,83,83,59,70,95,90,80,92,40,65,42,49,40,85,95,98,89,83,98,97,60,74,76,50,74,74,73,65,36,50
213,Indiana Pacers,Myles Turner,98,81,81,79,85,85,56,32,74,69,95,80,83,79,80,65,76,80,80,60,95,31,35,32,68,34,87,70,37,91,66,90,70,85,52,82
214,Indiana Pacers,Buddy Hield,74,81,91,82,80,85,75,78,41,78,90,60,82,75,25,65,28,45,48,59,94,70,79,74,70,48,48,69,53,45,74,54,60,50,40,62
215,Indiana Pacers,Bruce Brown Jr.,80,69,80,75,95,85,78,78,75,80,92,80,84,80,30,70,28,34,42,65,95,79,79,76,80,61,58,77,56,58,77,79,75,65,40,58
216,Indiana Pacers,Bennedict Mathurin,77,80,75,80,90,90,84,84,54,82,92,85,80,84,35,80,55,58,55,84,90,75,79,81,82,34,42,69,37,32,78,65,62,50,46,54
217,Indiana Pacers,Obi Toppin,75,75,78,78,85,60,70,69,74,90,88,70,88,79,85,90,67,67,69,40,90,55,60,56,59,38,66,48,37,51,47,62,47,40,41,69
218,Indiana Pacers,T.J. McConnell,95,85,79,85,90,80,76,76,44,65,85,92,83,76,25,25,44,58,38,40,79,88,79,73,86,83,49,82,80,37,84,70,87,80,41,60
219,Indiana Pacers,Andrew Nembhard,81,84,78,80,85,85,76,76,46,71,85,69,80,80,39,60,44,52,47,54,75,80,79,74,80,70,42,73,46,40,75,68,65,70,34,47
220,Indiana Pacers,Isaiah Jackson,72,69,59,65,65,60,73,73,65,81,82,80,80,79,85,80,59,48,55,56,80,40,59,54,44,34,70,54,42,89,64,66,49,55,78,70
221,Indiana Pacers,Jalen Smith,82,60,69,77,60,50,69,68,65,86,82,75,80,60,85,80,68,66,67,47,80,29,38,49,40,34,70,48,33,80,62,73,44,55,79,83
222,Indiana Pacers,Jordan Nwora,86,69,84,78,97,85,59,57,60,72,82,80,78,74,60,65,49,47,50,62,60,52,64,43,54,42,52,52,40,50,65,54,50,50,50,65
223,Indiana Pacers,Aaron Nesmith,70,70,79,85,95,85,68,68,52,74,87,80,81,70,35,55,53,57,57,64,85,69,70,64,65,33,55,67,43,56,68,72,52,45,43,58
224,Indiana Pacers,Daniel Theis,86,80,73,75,65,30,57,67,82,75,90,87,65,70,79,78,74,54,73,35,85,69,49,42,54,32,84,53,37,68,54,83,57,80,57,72
225,Indiana Pacers,George Hill,58,78,75,75,70,60,76,76,52,88,92,74,79,79,25,45,33,61,38,42,90,78,86,76,77,63,48,75,42,42,78,73,70,70,35,47
226,Indiana Pacers,James Johnson,77,60,68,63,60,40,67,55,80,72,84,94,83,72,60,75,59,63,73,45,95,70,74,60,70,45,74,74,38,80,74,75,80,65,48,68
227,Indiana Pacers,Kendall Brown,70,68,73,69,80,40,74,74,44,84,85,81,80,67,57,80,39,38,40,34,80,70,71,67,69,50,59,68,55,52,68,65,65,60,39,47
228,Indiana Pacers,Gabe York,65,76,77,84,45,50,80,80,54,70,84,65,84,71,25,45,25,40,25,40,75,75,80,80,75,74,27,55,70,40,66,55,70,35,49,55
229,Indiana Pacers,Jarace Walker,--,--,--,--,--,--,--,--,--,--,--,--,--,--,--,--,--,--,--,--,--,--,--,--,--,--,--,--,--,--,--,--,--,--,--,--
230,Indiana Pacers,Ben Sheppard,--,--,--,--,--,--,--,--,--,--,--,--,--,--,--,--,--,--,--,--,--,--,--,--,--,--,--,--,--,--,--,--,--,--,--,--
231,Indiana Pacers,Mojave King,--,--,--,--,--,--,--,--,--,--,--,--,--,--,--,--,--,--,--,--,--,--,--,--,--,--,--,--,--,--,--,--,--,--,--,--
232,Indiana Pacers,Isaiah Wong,--,--,--,--,--,--,--,--,--,--,--,--,--,--,--,--,--,--,--,--,--,--,--,--,--,--,--,--,--,--,--,--,--,--,--,--
233,Indiana Pacers,Oscar Tshiebwe,--,--,--,--,--,--,--,--,--,--,--,--,--,--,--,--,--,--,--,--,--,--,--,--,--,--,--,--,--,--,--,--,--,--,--,--
234,Los Angeles Clippers,Kawhi Leonard,97,88,85,88,95,95,84,84,79,79,87,85,82,90,55,80,65,88,89,66,98,79,86,83,78,69,79,96,80,53,96,95,90,95,44,68
235,Los Angeles Clippers,Paul George,95,82,81,88,90,95,79,79,70,88,95,75,93,89,55,85,40,70,75,55,80,78,87,79,75,72,79,92,74,47,91,88,80,85,37,68
236,Los Angeles Clippers,Russell Westbrook,79,72,73,66,65,85,96,96,75,92,92,85,92,82,30,80,45,66,66,50,85,82,86,95,84,85,42,74,53,52,81,70,55,70,48,68
237,Los Angeles Clippers,Ivica Zubac,98,74,26,71,80,85,26,25,75,75,80,90,80,79,80,75,81,54,84,75,82,70,35,26,47,30,77,34,32,80,45,75,40,45,84,87
238,Los Angeles Clippers,Mason Plumlee,87,60,58,63,75,65,57,41,73,75,78,92,83,81,85,80,75,70,70,74,81,75,37,50,72,65,74,46,38,58,48,77,68,75,79,86
239,Los Angeles Clippers,Norman Powell,90,78,85,78,85,80,79,83,46,80,92,90,82,85,25,80,30,32,28,78,88,74,79,77,75,42,50,79,46,51,78,77,74,75,33,53
240,Los Angeles Clippers,Kenyon Martin Jr.,93,68,74,68,95,90,83,83,62,90,80,60,81,84,75,93,44,44,44,75,75,64,76,69,64,36,54,67,36,51,70,62,54,50,55,66
241,Los Angeles Clippers,Bones Hyland,65,71,82,82,85,80,87,87,32,68,88,85,80,84,25,60,30,32,32,85,85,74,79,84,75,70,30,66,49,53,72,64,63,55,32,51
242,Los Angeles Clippers,Robert Covington,74,69,81,83,70,60,68,69,62,70,85,75,82,76,55,65,59,58,59,30,70,60,65,65,60,42,79,83,73,81,83,83,83,80,48,77
243,Los Angeles Clippers,Terance Mann,79,82,82,78,95,75,71,70,50,79,85,90,80,78,45,75,47,50,50,72,75,79,79,70,83,65,54,66,38,51,73,62,59,50,48,55
244,Los Angeles Clippers,Marcus Morris Sr.,94,79,81,78,65,60,73,47,75,69,94,80,86,70,55,70,68,67,67,64,84,60,60,49,44,37,64,68,40,51,75,70,61,60,33,61
245,Los Angeles Clippers,Nicolas Batum,88,77,83,68,60,55,68,64,65,82,88,80,83,74,55,60,40,63,62,35,80,70,71,68,73,37,66,73,43,65,75,68,50,60,47,66
246,Los Angeles Clippers,Brandon Boston Jr.,77,70,78,84,95,85,79,79,50,80,80,75,83,79,30,80,30,30,30,44,78,64,76,75,66,47,49,62,53,25,72,52,50,30,41,50
247,Los Angeles Clippers,Amir Coffey,78,69,70,80,70,50,75,75,52,75,80,70,79,84,25,40,38,53,54,69,81,72,75,75,74,44,47,64,32,37,69,68,64,50,40,41
248,Los Angeles Clippers,Jason Preston,71,70,75,62,60,70,82,82,52,75,85,85,80,70,40,45,58,57,57,33,80,84,75,80,84,77,40,64,35,25,73,65,68,55,34,70
249,Los Angeles Clippers,Moussa Diabate,65,68,67,61,50,40,73,73,60,78,80,75,80,67,65,80,50,50,51,35,68,42,40,66,52,27,65,41,43,72,56,65,50,55,84,51
250,Los Angeles Clippers,Xavier Moon,70,70,78,89,55,50,73,73,44,70,85,75,80,74,25,40,27,34,32,47,69,66,73,70,65,73,30,50,76,40,64,44,37,30,33,47
251,Los Angeles Clippers,Kobe Brown,--,--,--,--,--,--,--,--,--,--,--,--,--,--,--,--,--,--,--,--,--,--,--,--,--,--,--,--,--,--,--,--,--,--,--,--
252,Los Angeles Clippers,Jordan Miller,--,--,--,--,--,--,--,--,--,--,--,--,--,--,--,--,--,--,--,--,--,--,--,--,--,--,--,--,--,--,--,--,--,--,--,--
253,Los Angeles Lakers,LeBron James,94,85,73,76,98,98,87,87,89,89,99,93,97,98,80,95,82,90,89,96,98,90,87,85,97,82,82,85,69,76,86,90,97,70,69,82
254,Los Angeles Lakers,Anthony Davis,97,79,70,80,80,98,79,78,92,86,97,98,78,85,90,88,83,86,86,90,95,60,75,67,72,48,94,80,42,86,78,97,82,95,80,89
255,Los Angeles Lakers,D’Angelo Russell,93,95,83,85,70,90,81,81,54,71,93,65,83,88,25,45,35,55,60,88,81,87,90,81,88,73,40,69,43,51,75,68,79,55,34,46
256,Los Angeles Lakers,Austin Reaves,94,95,83,85,90,90,83,83,44,81,85,80,80,82,25,70,31,32,32,95,85,70,73,78,74,53,35,73,36,51,73,73,70,65,35,47
257,Los Angeles Lakers,Jarred Vanderbilt,85,69,72,69,85,80,75,76,70,80,75,95,78,75,75,75,40,32,50,50,85,60,65,65,38,56,80,80,66,50,77,82,88,80,71,85
258,Los Angeles Lakers,Rui Hachimura,81,87,77,75,75,65,72,74,79,80,90,85,80,73,80,80,74,70,72,60,85,51,72,67,54,31,60,54,32,53,67,59,50,35,43,65
259,Los Angeles Lakers,Gabe Vincent,89,94,75,89,75,80,73,73,40,66,85,69,82,76,25,45,26,32,26,59,80,74,76,70,74,53,37,60,53,32,65,60,57,45,33,44
260,Los Angeles Lakers,Jaxson Hayes,95,68,60,70,75,70,58,60,72,75,80,95,80,71,85,80,68,54,65,52,90,29,38,41,40,34,78,48,46,70,64,79,45,65,60,68
261,Los Angeles Lakers,Taurean Prince,90,74,82,84,70,60,80,78,60,84,84,85,81,70,75,70,52,45,51,55,85,68,70,69,55,40,64,74,38,52,76,68,81,60,32,52
262,Los Angeles Lakers,Cam Reddish,95,58,81,84,70,85,85,85,52,84,90,65,80,78,50,80,43,52,47,70,95,68,81,79,69,36,55,81,59,52,81,80,80,75,35,45
263,Los Angeles Lakers,Wenyen Gabriel,87,62,71,63,75,70,66,64,69,75,80,85,81,70,75,75,52,38,46,44,70,55,60,58,59,29,69,59,38,68,62,70,54,55,86,67
264,Los Angeles Lakers,Tristan Thompson,90,70,62,53,30,25,63,52,74,74,80,85,90,65,85,75,69,50,62,40,80,31,39,30,70,30,75,54,40,60,64,79,58,55,90,78
265,Los Angeles Lakers,Max Christie,70,76,86,82,60,45,87,87,55,82,98,80,80,70,35,80,39,42,42,41,90,68,70,78,66,29,44,63,35,51,70,60,57,50,32,61
266,Los Angeles Lakers,Scotty Pippen Jr.,73,74,73,75,70,50,82,82,39,79,82,75,80,73,25,65,25,36,31,62,72,70,76,82,70,66,31,62,41,55,70,54,55,50,36,61
267,Los Angeles Lakers,Jalen Hood-Schifino,--,--,--,--,--,--,--,--,--,--,--,--,--,--,--,--,--,--,--,--,--,--,--,--,--,--,--,--,--,--,--,--,--,--,--,--
268,Los Angeles Lakers,Maxwell Lewis,--,--,--,--,--,--,--,--,--,--,--,--,--,--,--,--,--,--,--,--,--,--,--,--,--,--,--,--,--,--,--,--,--,--,--,--
269,Los Angeles Lakers,Colin Castleton,--,--,--,--,--,--,--,--,--,--,--,--,--,--,--,--,--,--,--,--,--,--,--,--,--,--,--,--,--,--,--,--,--,--,--,--
270,Los Angeles Lakers,D’Moi Hodge,--,--,--,--,--,--,--,--,--,--,--,--,--,--,--,--,--,--,--,--,--,--,--,--,--,--,--,--,--,--,--,--,--,--,--,--
271,Los Angeles Lakers,Alex Fudge,--,--,--,--,--,--,--,--,--,--,--,--,--,--,--,--,--,--,--,--,--,--,--,--,--,--,--,--,--,--,--,--,--,--,--,--
272,Memphis Grizzlies,Ja Morant,93,84,77,79,90,98,95,95,52,97,97,98,80,97,25,97,54,54,54,95,98,96,96,95,95,92,49,72,67,45,83,79,78,75,44,63
273,Memphis Grizzlies,Jaren Jackson Jr.,95,89,79,78,85,95,63,65,72,75,90,80,94,82,85,80,85,83,85,60,80,45,60,33,50,29,95,71,49,98,76,94,71,95,56,70
274,Memphis Grizzlies,Desmond Bane,89,95,88,89,90,90,74,74,56,78,92,85,78,88,35,75,49,61,56,84,84,82,82,70,82,70,52,74,42,51,74,72,69,70,36,63
275,Memphis Grizzlies,Marcus Smart,87,66,78,76,45,50,75,82,73,83,89,90,83,74,25,50,25,58,78,27,70,75,74,74,75,73,74,96,80,47,96,90,92,95,37,45
276,Memphis Grizzlies,Steven Adams,91,65,26,37,60,65,48,37,81,68,88,90,82,69,70,70,79,62,82,49,79,69,35,33,68,42,82,55,43,80,63,85,79,80,97,83
277,Memphis Grizzlies,Brandon Clarke,95,80,57,72,60,30,82,83,64,82,90,95,80,65,80,84,63,62,62,64,80,59,69,65,62,37,78,75,42,70,78,78,72,75,66,78
278,Memphis Grizzlies,Xavier Tillman,89,63,57,56,80,80,46,44,72,69,82,94,80,76,75,65,70,70,70,46,95,62,61,37,68,43,78,66,73,62,67,80,84,75,76,69
279,Memphis Grizzlies,Santi Aldama,85,74,78,74,90,80,44,44,70,59,80,80,79,66,70,65,69,69,69,55,85,60,42,40,50,34,65,54,40,67,54,74,59,45,52,69
280,Memphis Grizzlies,Luke Kennard,89,83,92,94,85,90,69,68,40,60,92,85,80,75,30,60,28,50,35,49,95,76,78,66,79,37,35,51,40,32,65,50,50,45,29,53
281,Memphis Grizzlies,Derrick Rose,84,70,75,92,90,90,86,86,50,89,85,95,69,86,25,45,55,55,55,65,85,83,86,86,88,70,50,67,37,53,75,66,64,40,37,50
282,Memphis Grizzlies,Josh Christopher,93,76,70,78,85,85,84,84,55,81,88,72,80,80,40,85,25,62,44,65,83,68,75,78,62,51,49,67,53,58,78,60,65,50,37,45
283,Memphis Grizzlies,David Roddy,85,70,73,61,50,75,75,74,73,66,88,85,80,77,50,60,62,62,62,59,81,62,66,54,60,30,64,65,41,53,70,69,62,55,45,56
284,Memphis Grizzlies,Ziaire Williams,86,83,70,71,70,45,87,87,40,82,90,88,80,82,65,80,48,44,58,55,75,50,79,82,54,32,60,73,40,47,77,70,71,65,36,56
285,Memphis Grizzlies,Jake LaRavia,72,72,81,78,60,65,59,59,62,72,88,85,80,73,60,75,45,47,46,61,70,69,68,57,68,33,69,43,42,45,69,66,58,40,50,54
286,Memphis Grizzlies,John Konchar,85,76,79,82,75,50,62,63,40,70,93,90,84,77,40,55,44,47,47,40,85,74,76,60,79,34,54,62,70,51,69,50,60,45,46,68
287,Memphis Grizzlies,Kenneth Lofton Jr.,83,74,70,67,60,50,64,64,82,70,85,90,80,74,55,75,70,68,70,50,80,60,62,58,64,66,57,38,41,50,57,57,52,50,77,73
288,Memphis Grizzlies,Isaiah Todd,69,70,74,76,60,40,60,60,70,80,80,75,80,70,70,80,62,62,62,34,80,59,69,52,57,39,55,52,35,50,65,58,54,40,55,59
289,Memphis Grizzlies,Vince Williams Jr.,68,71,78,78,60,40,68,68,52,70,87,65,80,69,35,70,41,53,39,44,76,69,70,60,65,31,35,64,68,35,71,55,68,45,48,58
290,Memphis Grizzlies,Jacob Gilyard,60,72,80,87,50,45,89,89,32,80,85,80,80,67,25,25,28,28,25,37,78,84,86,89,82,84,30,55,79,35,80,49,58,45,32,37
291,Memphis Grizzlies,Gregory Jackson II,--,--,--,--,--,--,--,--,--,--,--,--,--,--,--,--,--,--,--,--,--,--,--,--,--,--,--,--,--,--,--,--,--,--,--,--
292,Memphis Grizzlies,Tarik Biberovic,--,--,--,--,--,--,--,--,--,--,--,--,--,--,--,--,--,--,--,--,--,--,--,--,--,--,--,--,--,--,--,--,--,--,--,--
293,Miami Heat,Jimmy Butler,97,80,76,85,90,95,84,83,76,78,97,95,81,92,40,80,80,80,80,98,98,84,86,82,88,73,75,90,90,51,92,92,96,95,65,60
294,Miami Heat,Bam Adebayo,94,88,69,80,60,60,74,74,85,83,92,90,90,81,85,80,80,80,81,70,90,72,69,66,74,63,93,83,49,65,73,92,80,90,63,84
295,Miami Heat,Tyler Herro,91,74,86,93,90,98,79,78,59,72,85,75,80,86,30,60,37,55,48,84,95,79,83,74,84,70,46,69,38,45,70,65,60,50,32,69
296,Miami Heat,Caleb Martin,83,90,82,80,80,80,55,55,58,74,85,90,80,84,25,70,55,54,54,69,75,62,69,54,69,35,68,75,49,56,74,74,72,70,48,62
297,Miami Heat,Kyle Lowry,97,75,78,85,70,50,84,84,67,72,96,97,79,70,25,25,38,44,40,45,95,80,86,84,80,71,68,84,49,51,86,83,81,80,38,57
298,Miami Heat,Kevin Love,94,77,77,88,60,45,66,38,77,70,75,96,77,72,70,50,77,84,84,50,95,65,52,33,77,49,69,50,31,47,54,75,57,50,51,95
299,Miami Heat,Thomas Bryant,90,85,80,74,50,80,62,57,80,52,88,95,82,72,75,65,77,77,77,58,78,40,53,53,42,29,63,40,33,62,57,79,50,50,67,84
300,Miami Heat,Josh Richardson,88,90,79,85,70,60,80,80,57,72,95,80,83,75,50,78,30,48,32,45,80,69,78,79,68,65,69,84,70,51,85,80,80,80,40,49
301,Miami Heat,Nikola Jovic,85,70,67,72,79,75,68,68,44,72,85,70,80,79,30,60,55,60,44,47,80,69,70,67,68,33,59,62,49,50,65,60,57,40,49,58
302,Miami Heat,Duncan Robinson,81,81,84,71,75,65,59,59,35,72,85,75,83,75,30,70,40,44,35,64,90,66,72,56,70,39,50,52,35,25,65,50,50,30,32,53
303,Miami Heat,Orlando Robinson,85,69,74,72,85,70,49,49,64,64,80,85,77,60,70,60,49,48,50,38,85,52,40,35,54,34,54,36,43,71,36,55,54,45,80,78
304,Miami Heat,Udonis Haslem,82,66,71,75,64,60,54,33,73,60,78,90,76,52,55,61,62,68,60,56,64,29,35,31,64,29,74,55,64,40,48,70,66,60,57,80
305,Miami Heat,Justin Champagnie,70,67,75,71,75,50,73,73,40,78,80,92,80,74,65,75,48,44,40,45,75,62,65,66,62,30,49,52,42,53,68,55,52,40,78,62
306,Miami Heat,Jamal Cain,80,59,70,80,75,65,66,66,60,75,80,70,83,80,65,70,59,55,57,40,75,44,53,60,49,32,60,68,31,75,68,55,50,50,62,75
307,Miami Heat,Haywood Highsmith,70,70,80,73,75,55,70,70,50,79,80,65,86,68,35,50,42,44,41,44,80,55,70,64,55,30,41,60,56,58,70,55,65,35,55,67
308,Miami Heat,Jamaree Bouyea,76,67,73,72,50,40,83,83,41,70,85,85,82,76,25,45,27,35,31,40,75,75,76,83,70,72,42,68,70,45,74,65,67,50,30,45
309,Miami Heat,Dru Smith,57,74,76,84,55,55,70,70,43,62,85,75,80,79,40,45,38,37,40,40,80,74,76,70,74,70,40,63,53,40,69,65,68,50,36,44
310,Miami Heat,Jaime Jaquez Jr.,--,--,--,--,--,--,--,--,--,--,--,--,--,--,--,--,--,--,--,--,--,--,--,--,--,--,--,--,--,--,--,--,--,--,--,--
311,Miami Heat,Jamaree Bouyea,76,67,73,72,50,40,83,83,41,70,85,85,82,76,25,45,27,35,31,40,75,75,76,83,70,72,42,68,70,45,74,65,67,50,30,45
312,Milwaukee Bucks,Giannis Antetokounmpo,90,74,71,65,98,98,90,87,94,85,98,95,91,98,85,91,79,74,87,97,95,84,87,80,95,77,92,92,38,80,95,96,88,95,62,91
313,Milwaukee Bucks,Jrue Holiday,90,86,82,86,98,95,79,79,49,68,90,92,80,88,25,65,30,72,40,59,98,84,86,79,85,79,44,95,79,50,96,89,93,95,43,55
314,Milwaukee Bucks,Khris Middleton,90,90,83,90,85,80,71,72,73,66,92,80,90,84,40,65,67,80,83,65,85,78,77,71,78,75,72,84,43,40,84,83,80,80,43,60
315,Milwaukee Bucks,Brook Lopez,97,84,83,77,98,95,25,25,89,60,92,90,79,70,80,65,84,84,84,70,95,35,35,25,78,32,92,45,35,90,60,93,69,90,59,64
316,Milwaukee Bucks,Bobby Portis,98,90,77,82,92,80,65,64,80,64,85,90,84,74,75,70,80,80,82,74,85,55,52,59,52,38,78,40,35,42,50,75,65,65,68,89
317,Milwaukee Bucks,Jae Crowder,92,86,83,80,80,45,68,69,82,73,93,93,89,77,70,60,63,65,60,47,85,65,75,66,83,38,70,78,40,53,79,80,90,75,34,68
318,Milwaukee Bucks,Malik Beasley,91,73,79,80,95,80,75,75,55,79,93,85,84,80,45,78,63,65,41,50,76,69,79,68,70,36,48,66,43,35,75,60,54,45,34,56
319,Milwaukee Bucks,Pat Connaughton,80,69,77,66,80,80,77,78,45,95,80,90,83,84,30,86,35,34,30,66,90,69,78,65,78,33,35,69,41,40,74,50,54,50,41,66
320,Milwaukee Bucks,Grayson Allen,77,70,84,90,80,80,84,78,44,81,85,80,82,85,25,70,31,43,42,69,78,70,78,79,78,42,35,72,42,37,74,70,74,45,41,47
321,Milwaukee Bucks,Robin Lopez,93,73,76,60,45,40,25,25,75,57,85,95,82,78,75,60,96,55,95,50,88,30,35,25,69,34,70,55,27,52,25,80,64,70,73,49
322,Milwaukee Bucks,Goran Dragic,82,78,80,73,60,50,76,76,44,72,92,85,84,75,25,45,25,60,39,79,85,80,86,76,80,72,32,73,33,37,73,74,70,70,34,44
323,Milwaukee Bucks,TyTy Washington,70,77,70,75,85,60,80,80,54,79,95,85,80,76,25,75,25,38,26,50,80,68,86,80,69,65,55,66,46,35,76,62,70,40,29,52
324,Milwaukee Bucks,MarJon Beauchamp,72,76,77,78,50,70,76,76,52,82,89,70,80,75,40,70,29,42,44,40,74,65,70,70,67,32,54,69,49,35,74,65,69,45,58,52
325,Milwaukee Bucks,Meyers Leonard,86,80,81,84,70,55,43,38,65,72,76,62,80,70,70,70,52,38,52,45,36,30,32,26,57,34,70,43,32,55,45,70,59,60,76,85
326,Milwaukee Bucks,Thanasis Antetokounmpo,71,66,66,66,85,65,77,75,42,82,80,90,87,80,40,85,53,50,60,69,64,54,69,69,75,32,42,59,46,63,60,54,50,40,67,59
327,Milwaukee Bucks,A.J. Green,60,78,84,90,60,80,69,69,42,75,80,75,80,71,40,40,34,34,48,45,80,61,70,68,68,33,40,63,36,25,66,50,60,45,39,50
328,Milwaukee Bucks,Lindell Wigginton,67,68,78,69,70,65,75,75,44,72,84,71,84,79,30,60,25,40,25,50,75,69,75,74,70,71,27,68,40,37,72,68,67,50,33,53
329,Milwaukee Bucks,Andre Jackson Jr.,--,--,--,--,--,--,--,--,--,--,--,--,--,--,--,--,--,--,--,--,--,--,--,--,--,--,--,--,--,--,--,--,--,--,--,--
330,Milwaukee Bucks,Chris Livingston,--,--,--,--,--,--,--,--,--,--,--,--,--,--,--,--,--,--,--,--,--,--,--,--,--,--,--,--,--,--,--,--,--,--,--,--
331,Milwaukee Bucks,Omari Moore,--,--,--,--,--,--,--,--,--,--,--,--,--,--,--,--,--,--,--,--,--,--,--,--,--,--,--,--,--,--,--,--,--,--,--,--
332,Minnesota Timberwolves,Anthony Edwards,80,85,81,77,90,98,89,89,52,86,89,90,83,94,50,90,60,62,62,84,98,74,86,83,79,68,50,74,63,57,78,74,70,70,33,66
333,Minnesota Timberwolves,Karl-Anthony Towns,97,94,79,89,80,90,76,76,87,70,98,80,82,78,90,75,85,84,85,70,98,60,65,66,79,71,69,50,38,57,61,79,55,55,53,78
334,Minnesota Timberwolves,Rudy Gobert,75,60,25,65,75,50,48,25,87,57,90,95,81,60,90,75,65,58,65,70,85,68,35,25,58,30,97,64,41,80,65,97,74,95,80,91
335,Minnesota Timberwolves,Jaden McDaniels,88,85,83,75,95,80,79,78,60,80,85,84,90,74,40,75,52,56,54,52,79,44,78,70,40,36,80,82,42,67,80,82,84,85,47,49
336,Minnesota Timberwolves,Naz Reid,90,70,78,68,95,90,50,49,80,70,88,92,80,82,80,80,69,58,69,84,94,59,58,49,65,39,77,54,46,78,54,77,59,55,59,82
337,Minnesota Timberwolves,Mike Conley,86,94,81,84,70,70,83,84,40,92,85,80,82,76,25,30,25,40,29,60,84,90,89,83,90,76,31,83,49,40,82,83,80,80,34,44
338,Minnesota Timberwolves,Kyle Anderson,97,71,81,74,95,80,66,67,62,66,85,64,83,79,55,45,45,48,41,49,70,78,81,65,79,70,60,79,56,67,80,78,75,75,42,69
339,Minnesota Timberwolves,Jaylen Nowell,89,85,73,81,95,90,81,80,39,79,85,80,80,84,25,65,27,40,38,79,78,64,75,77,68,61,29,60,46,32,67,55,58,40,40,54
340,Minnesota Timberwolves,Shake Milton,82,85,84,85,98,80,77,79,38,77,88,85,83,78,30,60,46,44,40,50,89,79,84,77,79,70,30,65,35,45,74,58,50,40,38,54
341,Minnesota Timberwolves,Nickeil Alexander-Walker,74,67,82,67,70,75,72,75,60,70,90,75,80,85,40,60,54,58,64,60,88,75,81,72,76,64,52,75,53,60,76,70,74,55,36,51
342,Minnesota Timberwolves,Austin Rivers,89,65,80,71,70,60,77,77,44,82,93,80,82,80,25,65,31,43,42,60,70,75,86,77,77,38,35,79,42,32,79,78,60,75,27,46
343,Minnesota Timberwolves,Jordan McLaughlin,80,74,70,75,95,70,72,72,52,74,80,70,83,84,25,65,25,25,25,49,70,83,84,70,80,72,25,73,80,37,74,52,74,60,40,43
344,Minnesota Timberwolves,Troy Brown Jr.,85,74,81,91,75,55,70,71,58,69,85,80,81,70,30,70,54,59,54,65,80,75,77,61,75,32,48,72,42,40,78,72,71,55,44,59
345,Minnesota Timberwolves,Luka Garza,82,70,81,70,85,85,40,40,69,48,80,85,80,69,60,45,69,69,69,59,85,55,35,34,55,42,54,30,31,35,32,52,56,30,91,61
346,Minnesota Timberwolves,Wendell Moore Jr.,66,70,76,81,70,45,70,70,58,83,85,90,80,71,50,80,52,52,52,52,72,57,67,68,54,58,66,72,70,39,82,70,72,60,37,49
347,Minnesota Timberwolves,Matt Ryan,67,67,82,90,80,65,55,55,54,69,89,70,79,67,40,55,40,40,40,37,95,65,67,52,68,32,42,64,35,32,64,55,50,40,32,43
348,Minnesota Timberwolves,Josh Minott,74,65,64,75,50,30,72,72,62,80,80,80,80,75,65,80,51,55,52,40,75,62,63,68,60,44,48,63,63,74,70,60,65,60,66,69
349,Minnesota Timberwolves,Leonard Miller,--,--,--,--,--,--,--,--,--,--,--,--,--,--,--,--,--,--,--,--,--,--,--,--,--,--,--,--,--,--,--,--,--,--,--,--
350,Minnesota Timberwolves,Jaylen Clark,--,--,--,--,--,--,--,--,--,--,--,--,--,--,--,--,--,--,--,--,--,--,--,--,--,--,--,--,--,--,--,--,--,--,--,--
351,New Orleans Pelicans,Zion Williamson,98,70,73,72,98,98,86,86,92,99,83,95,60,98,95,97,90,80,92,94,95,65,78,74,72,72,59,55,46,56,76,64,70,40,58,67
352,New Orleans Pelicans,Brandon Ingram,90,89,84,86,98,98,74,74,42,77,95,80,85,90,65,80,64,70,70,89,98,75,85,70,79,72,61,69,37,51,72,75,68,40,32,64
353,New Orleans Pelicans,C.J. McCollum,87,83,82,78,98,95,82,84,60,80,98,95,80,88,30,40,38,46,32,79,91,78,86,82,82,72,35,70,40,53,76,70,50,65,37,54
354,New Orleans Pelicans,Jonas Valanciunas,95,71,77,83,70,70,62,46,89,54,90,90,81,80,80,65,87,64,86,65,95,36,35,33,65,41,75,43,31,62,48,80,54,60,83,94
355,New Orleans Pelicans,Trey Murphy,92,74,84,91,98,90,84,84,60,82,85,85,80,74,65,88,42,44,43,50,90,59,50,74,64,32,69,69,49,56,70,69,59,65,40,52
356,New Orleans Pelicans,Herbert Jones,85,71,76,75,90,85,74,74,59,72,82,85,80,79,55,75,62,62,62,55,85,69,75,69,75,42,62,88,86,60,87,84,83,85,52,50
357,New Orleans Pelicans,Larry Nance Jr.,96,74,79,68,80,60,65,60,69,86,88,85,83,72,85,85,58,54,69,60,78,69,64,49,70,44,68,48,59,67,61,75,89,55,67,78
358,New Orleans Pelicans,Jose Alvarado,83,72,77,79,75,60,76,76,42,78,80,79,80,83,25,30,35,30,30,40,85,75,73,75,68,70,31,85,89,45,87,85,85,85,36,50
359,New Orleans Pelicans,Dyson Daniels,75,72,72,63,75,65,79,84,52,75,89,85,80,81,25,75,44,55,47,44,85,82,86,79,82,64,57,79,73,51,80,78,78,75,42,66
360,New Orleans Pelicans,Cody Zeller,80,70,38,77,65,70,70,40,75,80,89,95,84,65,75,75,67,65,67,65,79,68,40,31,64,37,60,37,38,57,54,76,60,55,90,84
361,New Orleans Pelicans,Naji Marshall,81,89,73,80,85,60,62,62,60,75,85,70,80,84,45,70,60,60,63,69,80,67,74,62,71,54,52,60,43,45,65,62,64,40,40,62
362,New Orleans Pelicans,Kira Lewis Jr.,78,66,78,80,65,70,92,93,49,70,85,80,84,73,25,45,25,45,32,50,86,75,86,82,75,52,34,67,41,40,75,68,65,40,36,67
363,New Orleans Pelicans,E.J. Liddell,80,79,76,76,40,45,73,73,65,89,80,65,80,75,55,60,66,71,68,37,85,59,60,59,58,49,65,54,44,79,60,62,54,50,59,66
364,New Orleans Pelicans,Dereon Seabron,65,66,60,69,50,40,83,85,83,85,89,70,83,74,40,80,44,47,50,40,98,64,68,74,60,44,49,71,42,45,70,57,44,50,33,50
365,New Orleans Pelicans,Jordan Hawkins,--,--,--,--,--,--,--,--,--,--,--,--,--,--,--,--,--,--,--,--,--,--,--,--,--,--,--,--,--,--,--,--,--,--,--,--
366,New York Knicks,Jalen Brunson,96,94,85,84,98,98,82,82,42,69,93,92,81,90,40,50,50,56,50,88,98,87,88,81,88,74,55,70,41,40,78,65,55,65,34,47
367,New York Knicks,Julius Randle,98,78,79,76,95,98,73,76,87,69,95,90,84,92,85,80,79,60,86,92,85,74,80,68,84,67,77,73,36,42,76,73,52,75,53,86
368,New York Knicks,R.J. Barrett,78,73,74,74,80,90,84,84,76,82,95,80,80,89,45,80,52,55,79,80,85,79,83,82,84,46,58,82,32,37,83,79,74,75,38,60
369,New York Knicks,Immanuel Quickley,95,84,82,82,98,98,82,82,54,79,89,85,79,86,40,55,50,51,45,86,98,84,86,76,84,78,37,71,43,40,74,69,44,55,38,57
370,New York Knicks,Mitchell Robinson,75,68,32,49,80,50,48,25,70,83,85,95,80,79,90,80,65,52,50,64,80,70,40,25,54,29,83,49,49,87,65,87,65,80,93,78
371,New York Knicks,Josh Hart,82,67,80,74,90,90,81,83,44,69,90,95,82,86,25,70,39,58,42,84,95,73,78,79,75,63,46,72,49,40,77,70,70,65,57,78
372,New York Knicks,Quentin Grimes,82,80,81,79,95,85,86,86,63,75,85,80,80,79,25,70,39,58,42,65,80,70,74,79,65,37,46,78,37,53,82,78,77,75,37,47
373,New York Knicks,Donte DiVincenzo,97,63,84,84,85,80,89,89,60,95,90,85,81,75,25,75,28,45,38,44,70,77,77,81,74,64,58,82,70,37,85,84,88,80,47,60
374,New York Knicks,Jericho Sims,68,69,26,52,75,65,80,80,65,83,85,90,80,64,80,89,60,60,60,40,80,30,35,34,32,29,66,40,37,73,42,66,55,40,86,73
375,New York Knicks,Isaiah Hartenstein,89,70,56,75,85,75,62,62,62,70,80,88,77,77,75,65,56,57,59,69,75,50,56,42,60,33,60,41,43,75,50,65,54,40,88,81
376,New York Knicks,Evan Fournier,85,83,76,79,80,70,71,70,40,63,95,80,86,84,25,50,30,45,36,66,85,75,82,65,82,44,38,69,49,42,69,70,72,65,30,52
377,New York Knicks,Isaiah Roby,80,74,73,75,95,80,74,72,60,79,80,85,80,78,75,75,50,51,62,60,85,48,55,50,47,41,62,60,53,51,63,60,60,50,48,79
378,New York Knicks,Miles McBride,70,76,73,68,60,50,86,86,44,80,85,85,80,79,25,65,25,58,48,50,80,70,74,80,60,47,40,76,73,50,76,75,74,75,35,38
379,New York Knicks,Duane Washington Jr.,88,82,80,80,84,75,79,79,42,72,80,65,80,78,45,40,29,32,44,55,80,66,74,76,68,71,47,62,35,35,70,65,55,40,27,53
380,New York Knicks,Nathan Knight,70,70,73,84,85,50,67,65,75,55,80,85,80,67,70,65,60,60,60,58,60,55,47,32,62,32,65,37,46,56,43,65,50,60,66,56
381,New York Knicks,Dylan Windler,77,77,77,80,85,75,68,69,55,75,80,80,80,72,35,50,32,44,44,35,80,62,72,67,60,40,42,65,43,40,65,57,60,45,51,66
382,New York Knicks,DaQuan Jeffries,60,75,73,76,50,70,79,79,57,89,80,60,80,72,70,75,63,65,60,42,70,55,70,68,53,31,54,58,42,57,69,50,54,35,45,54
383,New York Knicks,Jaylen Martin,--,--,--,--,--,--,--,--,--,--,--,--,--,--,--,--,--,--,--,--,--,--,--,--,--,--,--,--,--,--,--,--,--,--,--,--
384,Oklahoma City Thunder,Shai Gilgeous-Alexander,96,96,80,90,98,98,86,86,60,85,97,98,80,96,40,75,66,73,72,98,98,96,93,85,97,89,68,79,70,66,83,80,80,80,59,54
385,Oklahoma City Thunder,Josh Giddey,89,75,75,75,98,98,79,79,60,74,88,95,80,89,45,65,55,58,55,89,95,96,89,79,95,92,50,69,40,51,73,69,66,65,59,77
386,Oklahoma City Thunder,Jalen Williams,88,84,80,79,80,90,88,88,50,83,90,80,80,87,25,80,47,50,50,75,87,78,82,83,78,60,55,69,66,56,72,68,70,65,43,56
387,Oklahoma City Thunder,Luguentz Dort,58,80,78,78,90,75,79,78,70,87,92,94,80,86,50,85,40,38,44,60,72,62,72,76,62,39,52,83,46,50,86,82,82,80,51,50
388,Oklahoma City Thunder,Isaiah Joe,81,84,86,82,95,95,72,74,47,79,80,75,87,81,40,60,35,38,30,85,85,67,74,63,69,37,42,69,46,40,77,61,52,55,34,55
389,Oklahoma City Thunder,Chet Holmgren,77,71,75,72,70,60,75,75,45,75,87,85,80,70,75,75,69,68,68,52,85,60,65,67,59,44,77,59,52,88,69,80,72,70,80,80
390,Oklahoma City Thunder,Aleksej Pokusevski,74,71,83,79,85,70,60,60,49,60,84,90,79,81,70,70,54,54,62,55,75,59,62,52,54,47,67,67,42,86,54,77,57,50,58,69
391,Oklahoma City Thunder,Kenrich Williams,84,84,83,53,75,80,66,66,63,72,80,90,80,79,40,65,40,52,54,55,90,69,69,63,69,44,62,63,46,51,75,60,60,45,67,63
392,Oklahoma City Thunder,Victor Oladipo,85,79,74,76,70,55,81,81,66,88,85,85,83,75,35,75,41,53,40,50,84,75,82,80,80,68,58,84,76,51,84,82,78,80,34,56
393,Oklahoma City Thunder,Jaylin Williams,75,68,75,72,85,65,50,50,60,62,78,85,80,69,70,70,68,61,68,65,75,62,59,38,69,40,74,45,41,55,57,72,65,70,48,85
394,Oklahoma City Thunder,Tre Mann,78,94,74,74,92,90,74,74,53,68,88,75,80,83,25,60,35,55,60,59,85,80,83,73,78,54,49,66,46,47,69,60,59,40,36,53
395,Oklahoma City Thunder,Jeremiah Robinson-Earl,80,66,76,77,78,75,62,62,60,69,80,85,80,79,75,75,64,65,66,50,70,65,69,55,66,31,66,40,49,57,58,66,52,45,68,65
396,Oklahoma City Thunder,Aaron Wiggins,78,70,81,82,70,85,84,84,45,72,80,65,80,80,35,45,38,40,39,60,76,64,70,75,68,37,35,59,42,50,73,47,40,45,53,55
397,Oklahoma City Thunder,Lindy Waters III,74,77,80,85,95,80,60,60,33,67,83,70,80,70,25,65,28,54,34,65,70,69,69,50,67,34,53,67,43,42,69,62,62,40,36,57
398,Oklahoma City Thunder,Ousmane Dieng,70,73,71,75,75,60,78,78,49,79,88,80,80,69,45,75,45,48,48,47,90,69,70,75,70,37,54,62,40,52,73,54,52,40,41,67
399,Oklahoma City Thunder,Davis Bertans,70,70,82,88,70,60,57,55,64,52,80,80,68,69,65,65,43,66,52,60,88,38,72,47,45,33,64,40,40,52,63,69,58,50,35,47
400,Oklahoma City Thunder,Jack White,69,64,66,74,50,35,56,57,55,72,80,90,80,68,55,65,55,55,55,47,59,55,54,47,56,30,60,62,37,45,67,68,59,55,62,62
401,Oklahoma City Thunder,Olivier Sarr,68,74,69,79,55,35,65,63,63,74,85,80,80,60,75,75,64,62,64,40,70,50,52,49,55,32,58,40,37,65,47,59,48,35,63,58
402,Oklahoma City Thunder,Cason Wallace,--,--,--,--,--,--,--,--,--,--,--,--,--,--,--,--,--,--,--,--,--,--,--,--,--,--,--,--,--,--,--,--,--,--,--,--
403,Oklahoma City Thunder,Keyontae Johnson,--,--,--,--,--,--,--,--,--,--,--,--,--,--,--,--,--,--,--,--,--,--,--,--,--,--,--,--,--,--,--,--,--,--,--,--
404,Oklahoma City Thunder,Vasilije Micic,--,--,--,--,--,--,--,--,--,--,--,--,--,--,--,--,--,--,--,--,--,--,--,--,--,--,--,--,--,--,--,--,--,--,--,--
405,Orlando Magic,Paolo Banchero,82,79,70,74,95,95,80,80,77,83,90,85,80,88,75,85,74,70,72,84,85,70,76,74,70,64,68,66,40,53,70,64,67,45,60,72
406,Orlando Magic,Franz Wagner,88,79,80,83,98,98,70,70,65,75,85,80,80,92,55,80,57,59,59,75,76,80,79,68,84,64,56,73,41,40,73,74,73,70,40,52
407,Orlando Magic,Wendell Carter Jr.,89,81,78,74,85,70,68,55,82,68,85,90,81,78,80,75,82,82,81,70,85,56,50,47,70,47,78,47,35,57,50,80,70,70,66,86
408,Orlando Magic,Markelle Fultz,94,81,74,80,90,90,86,85,56,85,92,75,80,90,30,75,42,48,69,79,81,86,86,85,83,74,50,75,76,52,78,72,69,40,49,51
409,Orlando Magic,Cole Anthony,93,85,80,89,98,95,84,84,59,77,88,85,98,82,40,89,49,58,44,82,98,82,84,84,82,71,45,69,40,60,74,55,52,45,41,68
410,Orlando Magic,Jonathan Isaac,65,76,77,77,50,30,73,76,70,80,85,90,67,67,60,82,62,68,75,35,68,65,76,66,55,33,75,86,92,82,84,84,85,85,76,79
411,Orlando Magic,Moritz Wagner,86,78,74,84,95,85,73,67,78,75,85,85,81,60,75,65,67,67,68,50,76,54,42,53,55,43,58,40,49,50,47,58,54,35,61,73
412,Orlando Magic,Jalen Suggs,85,83,73,70,70,60,88,88,59,90,88,85,80,75,40,80,39,38,74,65,84,78,86,88,78,68,35,76,83,60,83,75,75,75,51,47
413,Orlando Magic,Joe Ingles,88,75,84,88,70,45,66,67,64,60,92,70,80,80,40,45,50,55,48,49,70,75,70,60,75,66,58,80,42,37,83,78,78,75,32,56
414,Orlando Magic,Goga Bitadze,82,62,71,64,80,70,53,54,78,63,80,75,80,60,75,65,72,67,74,40,85,54,60,52,69,47,64,25,53,85,30,80,40,55,84,66
415,Orlando Magic,Gary Harris,80,70,86,89,75,70,75,75,53,78,85,80,83,80,40,50,28,51,47,60,85,75,76,70,75,32,68,84,56,45,81,80,55,80,35,42
416,Orlando Magic,Chuma Okeke,70,69,74,80,80,50,70,70,60,74,80,80,80,70,45,50,48,52,53,40,70,65,69,65,66,37,63,80,72,62,81,77,85,45,56,65
417,Orlando Magic,Caleb Houstan,64,76,80,78,55,50,78,78,40,72,86,70,80,70,25,25,32,32,32,44,80,62,70,72,65,29,47,64,32,37,70,60,55,45,50,51
418,Orlando Magic,Michael Carter-Williams,64,63,66,61,97,60,74,74,38,75,85,95,82,74,40,60,50,62,51,72,95,78,78,73,84,72,58,75,43,58,78,70,85,70,49,59
419,Orlando Magic,Admiral Schofield,70,72,76,70,55,45,59,59,65,78,85,80,80,70,45,65,62,62,59,47,80,59,73,59,62,38,59,66,36,47,74,60,57,45,57,51
420,Orlando Magic,Kevon Harris,75,72,80,85,70,60,71,71,58,78,85,84,80,75,40,75,33,56,45,49,79,64,69,69,65,29,60,62,53,47,64,45,60,45,63,50
421,Orlando Magic,Anthony Black,--,--,--,--,--,--,--,--,--,--,--,--,--,--,--,--,--,--,--,--,--,--,--,--,--,--,--,--,--,--,--,--,--,--,--,--
422,Orlando Magic,Jett Howard,--,--,--,--,--,--,--,--,--,--,--,--,--,--,--,--,--,--,--,--,--,--,--,--,--,--,--,--,--,--,--,--,--,--,--,--
423,Philadelphia 76ers,Joel Embiid,97,97,80,86,98,98,69,69,95,69,95,90,76,89,90,80,95,95,96,96,98,68,57,62,82,71,96,68,43,83,68,96,64,95,70,89
424,Philadelphia 76ers,James Harden,83,93,85,87,75,98,87,87,71,87,98,97,95,92,35,84,60,74,69,94,98,82,97,86,94,91,62,70,46,52,75,63,82,65,36,69
425,Philadelphia 76ers,Tyrese Maxey,86,83,85,84,98,98,89,89,44,80,95,95,77,92,25,70,45,60,47,91,95,84,86,87,86,65,52,79,38,35,83,69,68,65,32,45
426,Philadelphia 76ers,Tobias Harris,88,89,82,87,80,80,75,59,73,79,95,73,82,80,65,75,70,70,83,64,95,77,79,56,78,42,59,58,43,56,67,66,64,60,42,68
427,Philadelphia 76ers,De’Anthony Melton,74,80,84,80,90,75,76,76,44,75,80,85,83,84,25,70,25,58,48,50,95,78,83,74,75,51,48,81,93,58,82,79,89,75,43,60
428,Philadelphia 76ers,Mohamed Bamba,75,65,79,72,65,70,75,61,68,75,78,75,81,67,75,70,69,64,69,45,80,35,46,32,51,37,77,48,33,86,64,80,64,65,63,85
429,Philadelphia 76ers,Patrick Beverley,85,44,76,72,60,40,76,76,60,91,90,76,78,70,25,45,30,35,30,38,85,75,78,75,77,50,70,90,43,60,89,86,63,95,40,54
430,Philadelphia 76ers,Montrezl Harrell,94,79,50,72,30,30,62,57,94,75,85,90,83,89,85,80,75,70,75,60,90,35,35,32,55,34,66,47,41,76,52,60,50,50,77,62
431,Philadelphia 76ers,Paul Reed,70,70,66,76,75,70,49,47,62,65,80,85,80,73,80,75,73,70,73,68,70,48,52,41,44,29,69,43,83,89,52,66,58,40,93,82
432,Philadelphia 76ers,P.J. Tucker,94,74,83,75,85,55,63,63,82,66,88,90,91,55,50,60,49,48,50,36,81,70,65,44,69,29,77,80,37,45,80,74,75,80,55,56
433,Philadelphia 76ers,Dewayne Dedmon,90,74,73,70,70,45,44,39,80,66,77,75,80,67,60,60,55,46,59,69,59,25,44,31,52,33,79,48,36,78,59,78,58,75,67,87
434,Philadelphia 76ers,Danuel House Jr.,50,74,79,71,75,75,63,60,50,75,85,75,83,78,80,75,47,51,47,58,79,69,70,60,69,33,52,75,33,52,76,70,70,75,32,56
435,Philadelphia 76ers,Jaden Springer,74,73,77,81,75,60,82,82,49,72,85,70,80,74,25,50,28,45,32,55,80,75,81,82,75,65,44,69,76,50,80,68,67,60,30,37
436,Philadelphia 76ers,Furkan Korkmaz,72,70,76,82,80,60,70,69,50,80,85,81,80,75,40,75,30,60,45,69,88,54,73,64,65,39,40,64,41,51,69,56,62,45,37,53
437,Philadelphia 76ers,Mac McClung,72,64,75,64,60,60,79,79,48,82,84,80,82,74,35,95,44,45,43,39,75,75,69,78,68,75,40,67,52,42,70,50,58,40,29,67
438,Philadelphia 76ers,Azuolas Tubelis,--,--,--,--,--,--,--,--,--,--,--,--,--,--,--,--,--,--,--,--,--,--,--,--,--,--,--,--,--,--,--,--,--,--,--,--
439,Philadelphia 76ers,Terquavion Smith,--,--,--,--,--,--,--,--,--,--,--,--,--,--,--,--,--,--,--,--,--,--,--,--,--,--,--,--,--,--,--,--,--,--,--,--
440,Philadelphia 76ers,Ricky Council IV,--,--,--,--,--,--,--,--,--,--,--,--,--,--,--,--,--,--,--,--,--,--,--,--,--,--,--,--,--,--,--,--,--,--,--,--
441,Phoenix Suns,Kevin Durant,98,98,87,92,98,98,80,80,63,77,94,85,88,95,60,85,74,86,86,96,98,78,92,80,88,72,75,85,54,75,85,85,75,85,44,74
442,Phoenix Suns,Devin Booker,97,97,86,84,98,98,79,79,59,74,95,85,81,95,30,75,74,79,82,91,85,89,92,76,94,73,58,74,41,50,74,65,62,65,38,54
443,Phoenix Suns,Bradley Beal,91,94,81,84,85,90,76,83,62,87,98,78,82,95,30,84,55,55,54,95,92,82,88,76,85,73,45,66,41,56,75,75,65,40,38,49
444,Phoenix Suns,Deandre Ayton,97,92,71,75,75,85,75,65,85,82,90,76,81,75,90,75,85,75,85,62,82,53,61,55,70,39,78,49,36,62,61,78,69,65,68,89
445,Phoenix Suns,Bol Bol,98,74,71,76,95,75,68,68,65,69,80,50,77,69,85,70,70,68,70,62,75,50,70,60,40,32,72,52,36,86,58,64,49,40,51,87
446,Phoenix Suns,T.J. Warren,89,86,77,81,70,80,61,61,75,63,74,70,84,92,50,80,62,68,62,75,68,65,78,60,65,37,54,62,43,51,68,65,62,50,40,58
447,Phoenix Suns,Josh Okogie,75,82,76,73,90,65,90,90,46,92,80,95,82,77,30,75,42,44,44,49,70,69,76,81,62,40,50,81,66,63,83,81,84,75,68,54
448,Phoenix Suns,Drew Eubanks,94,73,54,66,98,85,61,62,68,75,80,85,83,69,75,70,74,74,74,54,75,42,37,38,55,36,60,47,40,85,59,59,50,45,68,77
449,Phoenix Suns,Terrence Ross,91,95,85,76,70,75,74,74,48,85,86,65,82,74,50,80,58,70,45,40,74,69,78,70,72,37,51,68,42,42,70,66,68,60,32,49
450,Phoenix Suns,Chimezie Metu,88,73,63,75,70,55,52,52,69,75,80,90,83,78,80,75,58,40,49,65,95,48,37,30,58,37,67,51,43,68,60,68,55,45,65,85
451,Phoenix Suns,Keita Bates-Diop,85,74,81,79,80,80,77,77,60,72,80,70,76,77,55,65,54,63,60,50,70,58,66,66,56,37,63,63,46,51,74,60,60,35,51,60
452,Phoenix Suns,Eric Gordon,89,72,83,81,70,80,79,79,60,82,92,85,78,79,30,70,35,63,50,60,94,69,79,78,73,53,42,78,38,52,78,73,68,50,29,41
453,Phoenix Suns,Yuta Watanabe,78,60,85,82,70,70,67,67,60,74,80,85,80,78,40,60,40,43,45,59,85,60,69,65,63,32,58,63,40,56,71,66,65,60,45,54
454,Phoenix Suns,Damion Lee,76,79,87,90,95,85,68,68,55,75,80,70,79,79,40,65,44,48,51,69,78,62,70,66,57,37,57,60,37,35,74,60,66,35,37,61
455,Phoenix Suns,Bismack Biyombo,82,62,25,45,70,60,48,48,80,63,79,95,83,60,80,68,48,45,54,69,75,25,35,25,74,36,82,50,38,96,55,85,54,70,75,84
456,Phoenix Suns,Jordan Goodwin,89,72,80,76,95,80,75,75,49,55,80,75,80,78,25,35,33,43,48,66,80,78,78,68,78,67,47,63,80,62,71,62,63,50,55,61
457,Phoenix Suns,Saben Lee,62,74,69,68,95,85,74,74,52,69,80,76,79,84,25,85,25,31,30,79,77,80,83,73,80,72,44,60,73,32,67,55,54,30,44,49
458,Phoenix Suns,Ish Wainright,68,66,77,85,75,50,81,81,82,75,88,90,80,69,50,60,49,48,50,44,81,52,68,66,54,34,72,72,66,60,80,72,72,70,53,51
459,Phoenix Suns,Udoka Azubuike,64,34,25,44,40,25,72,70,80,93,79,75,83,70,85,75,44,45,48,40,35,25,35,44,34,32,76,44,38,76,51,74,54,55,70,89
460,Phoenix Suns,Toumani Camara,--,--,--,--,--,--,--,--,--,--,--,--,--,--,--,--,--,--,--,--,--,--,--,--,--,--,--,--,--,--,--,--,--,--,--,--
461,Portland Trail Blazers,Damian Lillard,94,98,89,92,98,98,88,88,63,89,97,95,98,96,25,85,30,38,42,96,98,92,95,87,93,79,31,69,58,45,76,72,77,60,36,56
462,Portland Trail Blazers,Anfernee Simons,92,86,84,89,80,98,86,89,41,90,92,90,80,92,40,89,49,49,49,87,95,87,88,79,89,67,49,59,36,40,76,50,55,40,30,43
463,Portland Trail Blazers,Jusuf Nurkic,88,68,80,66,95,85,51,37,90,50,86,75,72,68,75,65,80,72,80,70,85,60,40,25,82,63,78,45,43,67,49,79,60,70,69,91
464,Portland Trail Blazers,Jerami Grant,82,79,84,81,80,90,77,77,69,78,95,94,82,89,80,85,62,59,69,75,95,69,76,72,70,40,70,69,38,61,76,77,72,75,38,54
465,Portland Trail Blazers,Scoot Henderson,84,77,74,76,65,70,95,95,53,95,95,80,80,86,35,94,44,44,44,59,95,79,88,95,80,74,42,67,69,40,85,66,67,50,47,53
466,Portland Trail Blazers,Shaedon Sharpe,85,81,81,67,85,90,89,89,50,96,94,85,80,85,40,96,35,37,33,82,88,67,83,84,62,30,49,69,37,51,80,65,75,45,46,49
467,Portland Trail Blazers,Matisse Thybulle,74,48,80,60,65,40,76,76,59,70,85,90,80,74,35,70,30,30,30,25,70,55,65,69,35,31,60,93,96,63,93,88,97,90,44,44
468,Portland Trail Blazers,Nassir Little,76,82,82,69,85,80,77,79,70,81,85,85,80,79,35,82,54,52,59,45,80,52,65,68,49,34,68,70,37,58,77,70,65,55,40,61
469,Portland Trail Blazers,Justise Winslow,72,52,74,71,65,50,75,75,65,74,90,80,82,70,40,70,42,44,48,62,87,75,74,73,64,65,63,79,56,52,80,77,78,70,61,60
470,Portland Trail Blazers,Moses Brown,68,46,26,49,80,50,42,40,74,75,75,60,80,76,75,60,52,42,64,55,75,44,44,35,58,27,72,52,32,86,54,72,58,45,84,87
471,Portland Trail Blazers,Skylar Mays,71,84,80,88,72,75,70,70,42,74,92,65,80,70,35,45,37,52,37,57,80,74,79,67,75,42,42,68,46,25,75,69,60,50,37,49
472,Portland Trail Blazers,Jabari Walker,70,66,73,78,50,40,75,75,46,79,80,70,80,69,30,70,52,52,52,59,80,52,60,71,54,35,68,68,32,53,73,67,65,60,76,67
473,Portland Trail Blazers,Keon Johnson,66,68,76,71,60,35,97,97,40,98,88,85,80,70,35,85,35,35,35,45,80,75,72,84,70,51,45,70,76,56,83,69,68,65,41,56
474,Portland Trail Blazers,Kevin Knox,55,55,81,65,50,40,75,75,70,80,90,73,82,67,65,75,59,52,68,49,78,59,75,72,60,28,57,69,38,57,72,68,69,40,43,68
475,Portland Trail Blazers,Justin Minaya,55,70,77,50,70,50,70,70,55,75,85,80,81,64,35,55,44,47,47,37,85,65,70,65,65,37,62,69,69,59,71,72,52,60,48,55
476,Portland Trail Blazers,Chance Comanche,68,69,67,80,45,40,61,61,65,69,80,65,84,68,75,75,59,59,59,44,80,52,39,48,44,36,64,40,40,64,44,60,55,45,70,70
477,Portland Trail Blazers,Ibou Badji,60,37,37,68,55,30,66,66,70,81,85,80,84,55,80,75,59,40,55,30,75,58,37,32,55,30,70,37,41,79,51,71,54,55,67,65
478,Portland Trail Blazers,John Butler,69,62,70,44,65,40,47,47,68,75,80,90,80,54,70,70,50,50,50,30,75,44,45,37,52,30,62,37,28,70,47,60,40,40,60,64
479,Portland Trail Blazers,Scoot Henderson,84,77,74,76,65,70,95,95,53,95,95,80,80,86,35,94,44,44,44,59,95,79,88,95,80,74,42,67,69,40,85,66,67,50,47,53
480,Portland Trail Blazers,Kris Murray,--,--,--,--,--,--,--,--,--,--,--,--,--,--,--,--,--,--,--,--,--,--,--,--,--,--,--,--,--,--,--,--,--,--,--,--
481,Portland Trail Blazers,Rayan Rupert,--,--,--,--,--,--,--,--,--,--,--,--,--,--,--,--,--,--,--,--,--,--,--,--,--,--,--,--,--,--,--,--,--,--,--,--
482,Sacramento Kings,De’Aaron Fox,98,89,77,77,98,98,97,97,46,84,96,90,80,94,25,80,25,30,27,94,90,85,88,97,88,85,34,79,49,45,85,77,77,70,34,56
483,Sacramento Kings,Domantas Sabonis,97,88,80,77,95,95,48,44,82,54,92,95,86,88,70,75,88,87,88,82,95,82,60,43,80,74,70,49,38,52,49,69,45,60,73,92
484,Sacramento Kings,Keegan Murray,77,72,84,78,85,85,76,76,60,79,85,86,80,77,60,80,69,69,69,65,80,65,70,73,66,30,68,69,41,56,75,64,68,65,46,63
485,Sacramento Kings,Kevin Huerter,94,82,87,71,98,90,84,78,50,75,85,85,83,84,30,65,25,58,35,70,90,74,79,72,76,53,44,64,49,45,72,63,64,60,36,50
486,Sacramento Kings,Malik Monk,85,79,81,88,95,95,80,81,48,88,88,72,80,82,40,80,25,62,45,74,95,75,79,76,78,72,45,68,41,50,73,69,68,45,36,52
487,Sacramento Kings,Harrison Barnes,82,79,81,85,80,85,77,72,70,95,92,75,82,84,55,80,48,65,83,45,88,72,78,73,75,32,67,75,37,35,75,65,65,60,41,57
488,Sacramento Kings,Trey Lyles,82,75,80,80,95,75,54,55,69,65,81,80,84,77,70,65,72,74,74,69,80,55,58,41,68,34,68,36,37,62,52,64,62,40,56,77
489,Sacramento Kings,Terence Davis,79,74,81,84,85,75,73,70,44,76,90,89,80,79,40,75,32,49,38,40,95,77,79,68,79,43,54,74,80,53,80,70,74,60,38,67
490,Sacramento Kings,Chris Duarte,82,65,75,85,95,85,65,65,59,63,92,92,80,79,40,70,44,46,46,69,95,77,75,60,78,39,50,69,41,47,68,68,69,65,36,54
491,Sacramento Kings,Davion Mitchell,95,80,76,79,70,40,82,82,60,70,90,95,80,74,25,40,30,30,30,44,95,82,86,82,83,61,44,84,41,47,87,85,85,85,31,42
492,Sacramento Kings,Nerlens Noel,89,64,30,71,40,25,66,63,65,74,84,94,76,68,90,75,65,60,60,47,79,32,46,27,60,32,84,45,83,78,62,85,89,80,67,75
493,Sacramento Kings,Alex Len,88,61,70,66,95,65,43,44,75,60,80,92,78,74,80,65,74,48,76,59,64,31,32,25,45,41,74,44,37,74,50,78,62,50,67,74
494,Sacramento Kings,P.J. Dozier,70,70,74,64,85,50,83,83,40,85,80,70,81,75,50,75,44,41,39,42,78,68,76,77,69,47,48,74,63,55,76,65,60,50,44,60
495,Sacramento Kings,Kessler Edwards,64,72,79,80,70,75,72,72,77,70,80,75,80,68,60,65,50,50,50,45,80,50,64,59,64,30,59,75,37,42,74,74,75,75,50,52
496,Sacramento Kings,Neemias Queta,75,62,50,71,60,45,59,59,76,65,80,80,80,61,70,65,62,60,62,40,85,52,38,30,62,33,70,45,30,87,48,70,48,55,83,65
497,Sacramento Kings,Keon Ellis,70,70,74,84,50,35,81,80,39,79,85,70,80,73,25,65,27,40,38,54,78,64,74,77,65,47,29,60,60,53,70,50,68,40,37,53
498,Sacramento Kings,Colby Jones,--,--,--,--,--,--,--,--,--,--,--,--,--,--,--,--,--,--,--,--,--,--,--,--,--,--,--,--,--,--,--,--,--,--,--,--
499,Sacramento Kings,Jordan Walsh,--,--,--,--,--,--,--,--,--,--,--,--,--,--,--,--,--,--,--,--,--,--,--,--,--,--,--,--,--,--,--,--,--,--,--,--
500,Sacramento Kings,Jalen Slawson,--,--,--,--,--,--,--,--,--,--,--,--,--,--,--,--,--,--,--,--,--,--,--,--,--,--,--,--,--,--,--,--,--,--,--,--
501,Sacramento Kings,Sasha Vezenkov,--,--,--,--,--,--,--,--,--,--,--,--,--,--,--,--,--,--,--,--,--,--,--,--,--,--,--,--,--,--,--,--,--,--,--,--
502,San Antonio Spurs,Victor Wembanyama,84,81,72,82,90,67,66,66,57,69,94,80,88,77,80,75,79,79,79,56,98,68,70,64,68,51,84,47,54,90,44,87,78,85,71,82
503,San Antonio Spurs,Devin Vassell,71,93,83,79,95,95,72,72,60,77,89,85,82,79,40,60,51,65,65,70,95,76,82,65,79,65,62,82,49,51,80,81,85,75,29,59
504,San Antonio Spurs,Keldon Johnson,86,76,80,75,98,98,76,78,70,71,90,95,80,87,65,75,59,62,62,84,95,74,79,73,74,51,67,76,38,37,75,69,64,65,38,62
505,San Antonio Spurs,Jeremy Sochan,82,72,70,70,90,90,70,70,60,74,80,80,80,80,60,80,48,52,53,69,70,68,67,65,74,52,65,74,42,52,74,69,68,65,60,65
506,San Antonio Spurs,Zach Collins,95,82,82,78,90,90,66,65,60,79,78,80,80,70,70,65,72,70,70,50,75,30,40,38,30,66,68,45,40,66,57,70,65,50,66,82
507,San Antonio Spurs,Tre Jones,81,92,70,88,75,85,80,80,60,71,85,75,81,78,25,35,32,34,30,74,80,85,84,80,85,74,34,75,63,35,79,70,76,65,38,51
508,San Antonio Spurs,Malaki Branham,97,88,74,82,80,85,82,82,55,75,86,70,80,74,60,75,47,44,49,62,95,59,69,74,59,45,45,63,38,37,77,54,52,45,35,51
509,San Antonio Spurs,Cameron Payne,78,89,80,75,80,90,75,75,39,72,82,75,84,83,25,25,25,36,31,75,72,75,86,75,79,77,31,60,53,40,70,51,52,40,33,51
510,San Antonio Spurs,Reggie Bullock,87,81,82,70,95,90,63,67,50,72,80,70,80,71,40,50,30,51,42,50,66,75,71,56,72,32,50,80,38,37,80,74,72,75,33,56
511,San Antonio Spurs,Devonte’ Graham,64,77,81,77,98,90,82,82,34,79,95,85,83,80,25,60,30,32,36,66,95,82,86,82,83,70,30,70,46,51,76,65,68,55,33,46
512,San Antonio Spurs,Cedi Osman,82,74,80,69,70,70,71,70,59,70,85,80,75,86,46,61,38,58,51,52,75,75,75,69,70,41,65,76,40,37,76,70,65,65,34,52
513,San Antonio Spurs,Charles Bassey,78,69,62,76,50,35,77,77,69,82,80,95,80,70,75,75,50,50,50,40,70,35,42,54,48,43,69,57,40,88,64,68,50,60,87,90
514,San Antonio Spurs,Khem Birch,89,68,55,73,75,60,71,67,73,78,82,90,83,69,85,70,61,60,60,64,85,25,32,34,40,31,77,48,43,71,57,79,60,65,51,57
515,San Antonio Spurs,Blake Wesley,72,70,83,66,70,60,78,78,40,84,92,75,80,74,40,86,54,57,50,59,80,69,83,77,68,63,49,71,43,45,74,60,63,50,36,53
516,San Antonio Spurs,Doug McDermott,85,51,86,71,70,80,59,53,60,67,81,67,83,79,50,65,60,66,62,60,75,65,67,47,65,40,52,58,31,35,60,63,50,40,33,51
517,San Antonio Spurs,Sandro Mamukelashvili,65,69,71,66,60,45,59,59,73,69,85,85,80,69,65,65,62,60,63,54,85,62,59,49,69,40,65,50,35,58,49,68,52,45,77,78
518,San Antonio Spurs,Gorgui Dieng,85,66,72,87,65,50,43,46,73,70,91,83,83,59,70,64,76,55,72,70,70,31,35,31,62,68,69,43,30,75,52,80,59,65,65,81
519,San Antonio Spurs,Romeo Langford,85,72,70,68,85,70,81,81,42,81,92,75,80,73,35,65,35,58,37,44,80,70,79,78,69,35,42,65,40,56,76,69,50,35,62,42
520,San Antonio Spurs,Dominick Barlow,69,68,70,70,40,40,68,68,62,75,80,85,80,65,60,75,52,50,52,35,75,51,69,64,52,32,50,47,40,68,57,57,49,40,76,72
521,San Antonio Spurs,Julian Champagnie,69,74,75,78,45,40,69,69,37,67,85,75,80,74,40,60,43,44,52,41,73,66,68,65,64,47,45,67,62,40,68,55,66,40,44,54
522,San Antonio Spurs,Victor Wembanyama,84,81,72,82,90,67,66,66,57,69,94,80,88,77,80,75,79,79,79,56,98,68,70,64,68,51,84,47,54,90,44,87,78,85,71,82
523,San Antonio Spurs,Sidy Cissoko,--,--,--,--,--,--,--,--,--,--,--,--,--,--,--,--,--,--,--,--,--,--,--,--,--,--,--,--,--,--,--,--,--,--,--,--
524,San Antonio Spurs,Sir’Jabari Rice,--,--,--,--,--,--,--,--,--,--,--,--,--,--,--,--,--,--,--,--,--,--,--,--,--,--,--,--,--,--,--,--,--,--,--,--
525,Toronto Raptors,Pascal Siakam,91,80,77,76,90,98,76,78,70,79,95,80,82,84,85,80,88,88,88,89,95,72,79,69,79,72,86,79,38,52,78,86,82,80,51,74
526,Toronto Raptors,Scottie Barnes,85,74,72,77,98,85,82,82,74,92,88,90,80,86,80,80,60,62,62,79,95,77,79,77,80,69,75,75,42,62,77,75,76,75,61,65
527,Toronto Raptors,OG Anunoby,73,80,82,84,85,70,81,83,68,85,85,85,81,72,60,85,38,37,36,70,80,58,72,71,52,34,76,87,83,60,87,85,84,85,46,56
528,Toronto Raptors,Jakob Poeltl,97,59,45,61,80,80,51,37,79,57,80,90,80,63,75,60,77,60,75,69,85,69,38,31,62,63,81,45,49,80,34,79,67,80,85,89
529,Toronto Raptors,Gary Trent Jr.,89,81,81,84,95,95,85,85,58,90,80,70,82,86,40,75,44,57,46,84,73,70,79,77,71,33,50,61,76,42,74,60,64,35,32,45
530,Toronto Raptors,Chris Boucher,88,59,76,75,65,40,57,55,80,74,89,95,77,74,85,80,72,64,72,50,85,33,41,25,59,28,78,37,46,80,42,84,50,70,76,80
531,Toronto Raptors,Precious Achiuwa,78,64,62,70,70,80,75,74,78,79,84,88,76,79,85,80,57,44,42,63,75,36,49,66,50,32,75,56,41,66,66,73,89,55,67,84
532,Toronto Raptors,Dennis Schroder,89,79,76,87,70,65,84,88,46,74,93,90,80,80,25,45,25,38,27,62,85,82,86,84,80,70,34,73,38,32,74,72,67,60,29,43
533,Toronto Raptors,Thaddeus Young,93,60,57,60,60,30,72,63,80,83,78,85,85,79,70,70,70,70,70,30,80,69,65,50,82,50,82,70,89,42,78,82,70,80,68,62
534,Toronto Raptors,Otto Porter Jr.,88,85,81,83,75,70,68,67,60,73,93,70,79,75,45,70,65,67,58,57,84,70,77,66,70,33,63,73,83,25,76,66,64,45,47,52
535,Toronto Raptors,Jalen McDaniels,82,80,74,83,85,80,73,73,60,73,80,80,80,80,60,65,62,68,59,52,68,55,69,69,59,39,59,55,59,55,60,55,50,35,42,67
536,Toronto Raptors,Will Barton,62,74,80,78,95,65,75,75,54,74,82,85,80,76,40,83,32,59,45,74,82,75,79,73,77,63,33,80,40,51,81,80,65,75,32,59
537,Toronto Raptors,Christian Koloko,62,60,29,65,75,80,72,72,59,75,80,80,80,64,75,75,54,50,51,50,70,37,42,44,52,29,75,37,36,91,37,75,50,70,74,58
538,Toronto Raptors,Malachi Flynn,89,67,81,83,84,80,73,73,44,65,83,70,82,84,25,25,25,37,25,69,73,74,76,73,73,59,27,69,43,37,76,69,68,55,38,50
539,Toronto Raptors,Garrett Temple,82,55,74,79,70,40,57,57,44,69,85,79,82,70,25,30,37,55,46,40,85,75,75,57,74,40,46,78,56,60,76,77,74,70,39,54
540,Toronto Raptors,Jeff Dowtin,74,72,76,76,85,60,70,70,30,75,80,84,80,70,30,75,35,42,30,40,78,70,70,70,68,55,30,60,43,50,70,58,52,40,66,52
541,Toronto Raptors,Ron Harper Jr.,70,72,76,79,60,50,69,69,47,70,80,75,80,72,40,70,44,45,30,47,85,58,72,63,55,33,42,60,43,47,69,60,52,55,34,46
542,Toronto Raptors,Gradey Dick,--,--,--,--,--,--,--,--,--,--,--,--,--,--,--,--,--,--,--,--,--,--,--,--,--,--,--,--,--,--,--,--,--,--,--,--
543,Toronto Raptors,Markquis Nowell,--,--,--,--,--,--,--,--,--,--,--,--,--,--,--,--,--,--,--,--,--,--,--,--,--,--,--,--,--,--,--,--,--,--,--,--
544,Toronto Raptors,Javon Freeman-Liberty,--,--,--,--,--,--,--,--,--,--,--,--,--,--,--,--,--,--,--,--,--,--,--,--,--,--,--,--,--,--,--,--,--,--,--,--
545,Utah Jazz,Lauri Markkanen,98,85,84,87,98,98,63,60,61,62,85,85,80,79,75,75,83,83,83,88,95,55,65,42,75,36,66,65,36,55,65,66,64,65,56,77
546,Utah Jazz,Walker Kessler,91,68,66,54,98,85,37,37,74,60,88,90,80,69,85,75,74,66,74,69,95,42,44,35,48,30,84,65,35,96,42,85,58,80,91,86
547,Utah Jazz,John Collins,93,91,65,83,60,60,71,65,75,85,92,85,84,82,90,93,77,75,83,52,85,37,60,50,66,30,74,49,37,71,57,74,38,60,43,77
548,Utah Jazz,Collin Sexton,95,88,84,83,80,85,88,88,58,84,95,90,81,85,30,75,25,38,28,80,95,78,86,87,76,66,45,67,40,35,76,67,69,50,42,41
549,Utah Jazz,Jordan Clarkson,95,82,80,82,95,95,79,82,54,85,80,70,83,90,25,75,30,37,38,89,98,79,88,79,81,70,43,65,35,37,73,58,49,40,44,48
550,Utah Jazz,Talen Horton-Tucker,85,73,72,78,98,95,70,70,69,73,85,85,80,87,30,80,52,60,57,88,95,84,82,68,84,78,44,74,46,61,78,70,70,50,39,62
551,Utah Jazz,Kelly Olynyk,95,71,83,85,98,90,31,33,70,55,89,90,82,75,70,60,79,79,79,79,78,60,42,25,66,63,70,50,43,56,35,66,45,65,48,69
552,Utah Jazz,Ochai Agbaji,85,72,83,76,95,85,88,88,64,85,90,90,80,73,65,80,52,52,52,68,78,62,75,78,62,31,57,80,33,45,80,79,75,75,45,42
553,Utah Jazz,Kris Dunn,84,79,65,74,70,60,83,83,56,83,85,75,84,70,40,55,39,60,42,44,80,75,86,82,84,80,40,85,90,55,86,83,93,80,37,68
554,Utah Jazz,Omer Yurtseven,88,69,70,68,70,75,53,52,70,70,85,80,83,65,70,65,66,64,65,47,82,50,60,37,52,42,62,49,40,70,49,62,58,40,89,90
555,Utah Jazz,Simone Fontecchio,73,70,77,81,95,85,55,55,62,55,80,95,80,76,40,65,50,50,50,50,69,55,58,52,60,34,51,65,37,52,66,64,47,45,48,42
556,Utah Jazz,Taylor Hendricks,--,--,--,--,--,--,--,--,--,--,--,--,--,--,--,--,--,--,--,--,--,--,--,--,--,--,--,--,--,--,--,--,--,--,--,--
557,Utah Jazz,Juan Toscano-Anderson,87,65,70,65,95,70,68,69,62,70,85,95,83,68,40,88,30,44,58,50,69,69,68,64,62,38,67,67,42,53,69,68,60,60,46,70
558,Utah Jazz,Keyonte George,--,--,--,--,--,--,--,--,--,--,--,--,--,--,--,--,--,--,--,--,--,--,--,--,--,--,--,--,--,--,--,--,--,--,--,--
559,Utah Jazz,Luka Samanic,74,68,71,50,65,50,72,74,63,79,80,75,80,75,65,60,64,62,69,44,70,59,64,57,68,33,59,48,41,62,60,75,52,50,52,71
560,Utah Jazz,Johnny Juzang,70,73,77,84,50,35,70,70,55,72,85,75,80,71,35,75,55,59,64,44,85,59,72,66,62,28,50,58,37,37,63,52,50,50,36,51
561,Utah Jazz,Micah Potter,66,70,78,80,60,40,43,43,70,60,80,70,81,60,75,65,51,50,52,40,76,54,42,32,55,42,52,37,33,56,37,48,47,30,47,60
562,Utah Jazz,Taylor Hendricks,--,--,--,--,--,--,--,--,--,--,--,--,--,--,--,--,--,--,--,--,--,--,--,--,--,--,--,--,--,--,--,--,--,--,--,--
563,Utah Jazz,Keyonte George,--,--,--,--,--,--,--,--,--,--,--,--,--,--,--,--,--,--,--,--,--,--,--,--,--,--,--,--,--,--,--,--,--,--,--,--
564,Utah Jazz,Brice Sensabaugh,--,--,--,--,--,--,--,--,--,--,--,--,--,--,--,--,--,--,--,--,--,--,--,--,--,--,--,--,--,--,--,--,--,--,--,--
565,Utah Jazz,Joey Hauser,--,--,--,--,--,--,--,--,--,--,--,--,--,--,--,--,--,--,--,--,--,--,--,--,--,--,--,--,--,--,--,--,--,--,--,--
566,Washington Wizards,Kyle Kuzma,92,68,77,73,95,98,74,74,74,75,85,95,83,92,75,75,66,65,66,88,90,66,77,67,78,64,66,67,35,51,71,65,49,60,39,75
567,Washington Wizards,Jordan Poole,95,79,83,87,98,98,81,81,61,73,80,65,80,92,45,60,29,47,44,84,80,83,89,80,82,71,47,65,40,42,74,65,55,30,32,45
568,Washington Wizards,Tyus Jones,93,91,82,80,85,80,71,71,34,57,92,87,84,89,25,30,28,40,35,74,78,84,86,69,88,74,30,67,59,30,70,60,80,50,32,47
569,Washington Wizards,Danilo Gallinari,85,78,82,93,70,65,60,60,66,66,85,80,75,76,45,75,66,72,74,70,76,66,76,60,60,36,69,56,35,40,68,70,62,65,36,69
570,Washington Wizards,Corey Kispert,95,82,86,88,85,90,76,76,60,69,84,80,80,73,40,60,38,39,39,45,85,66,71,66,69,31,54,70,36,32,74,69,67,65,34,47
571,Washington Wizards,Delon Wright,83,69,80,91,96,85,73,73,58,69,90,90,84,82,25,60,25,46,27,65,85,86,86,72,85,70,33,75,93,52,75,63,80,55,55,47
572,Washington Wizards,Daniel Gafford,91,65,29,66,70,60,75,70,73,80,80,89,80,82,85,75,69,67,70,75,70,37,35,44,37,34,70,57,38,86,59,76,50,65,79,70
573,Washington Wizards,Deni Avdija,72,75,70,76,70,80,73,73,65,79,89,85,84,79,40,75,57,54,59,59,85,79,78,69,79,50,62,80,46,52,79,78,77,80,48,80
574,Washington Wizards,Landry Shamet,77,67,83,86,94,85,85,85,41,80,85,81,81,79,35,70,30,38,26,69,76,79,78,82,77,58,25,60,43,47,76,57,50,35,33,42
575,Washington Wizards,Mike Muscala,86,81,83,78,85,70,43,37,76,58,79,80,79,64,75,60,68,64,66,50,64,60,42,40,60,35,68,53,35,67,54,67,54,45,44,75
576,Washington Wizards,Kendrick Nunn,80,84,77,92,95,80,75,75,55,76,95,70,82,89,25,75,42,47,40,37,75,70,82,69,72,48,35,62,40,35,69,57,57,45,34,49
577,Washington Wizards,Eugene Omoruyi,65,68,64,67,95,80,70,70,52,75,80,65,80,70,40,65,57,57,57,45,69,65,70,63,62,31,54,73,66,40,76,68,40,65,63,51
578,Washington Wizards,Jared Butler,86,65,74,78,95,70,80,80,50,78,83,80,80,74,25,65,28,41,37,60,95,69,82,80,68,60,30,60,70,60,74,55,47,50,33,54
579,Washington Wizards,Taj Gibson,84,78,73,69,70,45,49,46,83,58,75,85,83,65,75,65,81,80,79,52,77,33,35,32,54,42,69,58,53,65,57,78,62,60,67,59
580,Washington Wizards,Johnny Davis,75,78,74,79,70,45,78,78,54,75,85,70,80,75,40,70,49,51,47,69,80,70,82,70,70,28,68,73,30,53,79,68,55,60,36,60
581,Washington Wizards,Patrick Baldwin Jr.,70,72,82,74,70,60,57,57,69,62,85,70,80,74,55,70,54,52,52,52,80,55,58,55,60,28,56,59,40,40,64,55,54,40,44,56
582,Washington Wizards,Anthony Gill,88,72,73,81,70,65,69,67,60,79,80,88,80,70,75,75,62,60,60,40,74,38,54,53,55,32,66,60,32,56,50,50,58,50,56,47
583,Washington Wizards,Xavier Cooks,68,69,73,59,50,50,75,75,70,76,85,85,80,70,45,75,51,52,52,55,70,67,79,69,64,57,70,70,52,54,71,72,67,65,64,70
584,Washington Wizards,Ryan Rollins,71,76,72,79,60,50,86,86,39,80,85,79,80,73,25,65,40,42,42,37,85,70,78,82,70,66,43,60,56,51,71,59,52,45,46,47
585,Washington Wizards,Bilal Coulibaly,--,--,--,--,--,--,--,--,--,--,--,--,--,--,--,--,--,--,--,--,--,--,--,--,--,--,--,--,--,--,--,--,--,--,--,--
586,Washington Wizards,Tristan Vukcevic,--,--,--,--,--,--,--,--,--,--,--,--,--,--,--,--,--,--,--,--,--,--,--,--,--,--,--,--,--,--,--,--,--,--,--,--
